,beanie_pval,direction,robust,excluded_BRCA_26,excluded_BRCA_4,excluded_BRCA_21,excluded_BRCA_19,excluded_BRCA_16,excluded_BRCA_7
KEGG_ANTIGEN_PROCESSING_AND_PRESENTATION,0.99941,treatment_naive,True,1.0,1.0,1.0,1.0,1.0,1.0
REACTOME_ANTIGEN_PRESENTATION_FOLDING_ASSEMBLY_AND_PEPTIDE_LOADING_OF_CLASS_I_MHC,0.39707,treatment_naive,False,20.5,1.5,0.0,46.99999999999999,0.0,0.0
REACTOME_ANTIGEN_PROCESSING_CROSS_PRESENTATION,0.052039999999999996,treatment_naive,False,2.130434782608696,1.8478260869565213,0.0,2.1739130434782608,0.19565217391304346,0.021739130434782608
REACTOME_ANTIGEN_PROCESSING_UBIQUITINATION_PROTEASOME_DEGRADATION,0.9529,treatment_naive,False,1.0,1.0,0.0,0.0,0.0,1.0
REACTOME_MHC_CLASS_II_ANTIGEN_PRESENTATION,0.00533,treatment_naive,False,1.0674157303370786,1.1011235955056178,0.07865168539325844,1.1235955056179776,1.0449438202247192,0.12359550561797752
HALLMARK_INTERFERON_ALPHA_RESPONSE,0.17284000000000002,treatment_naive,False,5.588235294117646,1.5882352941176472,0.05882352941176471,5.882352941176469,0.1176470588235294,0.0
HALLMARK_INTERFERON_GAMMA_RESPONSE,0.09979,treatment_naive,False,3.571428571428571,1.6428571428571428,0.10714285714285712,3.571428571428571,0.3214285714285714,0.0
EINAV_INTERFERON_SIGNATURE_IN_CANCER,0.01788,treatment_naive,False,1.162790697674419,1.162790697674419,0.02325581395348837,1.162790697674419,0.5813953488372093,0.04651162790697674
NATSUME_RESPONSE_TO_INTERFERON_BETA_DN,0.0275,treatment_naive,False,1.3137254901960784,1.96078431372549,0.05882352941176471,1.8823529411764703,1.568627450980392,0.0196078431372549
NATSUME_RESPONSE_TO_INTERFERON_BETA_UP,0.03706,treatment_naive,False,1.3953488372093024,1.3255813953488371,0.0,2.0,1.4651162790697674,0.11627906976744187
REACTOME_INTERFERON_GAMMA_SIGNALING,0.16847,treatment_naive,False,6.466666666666668,2.7333333333333334,0.33333333333333337,6.333333333333332,0.06666666666666668,0.0
REACTOME_INTERFERON_SIGNALING,0.029039999999999996,treatment_naive,False,1.5873015873015872,1.4444444444444444,0.0,1.5873015873015872,0.19047619047619047,0.015873015873015872
REACTOME_INTERFERON_ALPHA_BETA_SIGNALING,0.99941,treatment_naive,True,1.0,1.0,1.0,1.0,1.0,1.0
WP_INTERFERON_TYPE_I_SIGNALING_PATHWAYS,0.053579999999999996,treatment_naive,False,2.020408163265306,1.0,0.04081632653061225,2.0408163265306123,0.061224489795918366,0.1836734693877551
WP_OVERVIEW_OF_INTERFERONSMEDIATED_SIGNALING_PATHWAY,0.99934,treatment_naive,True,1.0,1.0,1.0,1.0,1.0,1.0
WP_TYPE_II_INTERFERON_SIGNALING,0.03451,treatment_naive,False,1.6129032258064515,1.3870967741935485,0.0,1.6129032258064515,0.3387096774193548,0.0967741935483871
WP_TYPE_III_INTERFERON_SIGNALING,0.23326999999999998,treatment_naive,False,2.75,0.375,0.375,6.0,0.25,0.625
BROWNE_INTERFERON_RESPONSIVE_GENES,0.01411,treatment_naive,False,1.1764705882352942,1.0823529411764707,0.0,1.1647058823529413,0.7294117647058823,0.3882352941176471
ZHANG_INTERFERON_RESPONSE,0.14438,treatment_naive,False,3.4545454545454546,2.5,0.0,4.0,0.4545454545454546,0.0
REACTOME_CYTOPROTECTION_BY_HMOX1,0.22416,treatment_naive,False,6.5,3.375,0.0,12.25,0.0,0.0
REACTOME_REGULATION_OF_HMOX1_EXPRESSION_AND_ACTIVITY,0.91443,treatment_naive,True,1.0,1.0,1.0,1.0,1.0,1.0
PAM50,0.895,treatment_naive,False,1.0,1.0,0.0,0.0,0.0,1.0
WU_ET_AL_BASAL_SC,0.09966,treatment_naive,False,0.2857142857142857,3.571428571428571,0.14285714285714285,2.1785714285714284,2.75,0.0
WU_ET_AL_HER2E_SC,0.73224,treatment_naive,False,4.0,1.0,1.0,7.000000000000001,0.0,57.99999999999999
WU_ET_AL_LUMA_SC,0.6834100000000001,treatment_naive,False,1.0,0.0,1.0,0.0,0.0,0.0
WU_EL_AL_LUMB_SC,0.27162,anti_PD1,False,1.714285714285714,0.0,0.0,1.857142857142857,1.857142857142857,13.857142857142856
HALLMARK_ADIPOGENESIS,0.70636,treatment_naive,False,1.0,1.0,1.0,0.0,0.0,0.0
HALLMARK_ALLOGRAFT_REJECTION,0.22239,treatment_naive,False,8.909090909090908,1.6363636363636362,0.09090909090909093,9.0,0.0,0.18181818181818185
HALLMARK_ANDROGEN_RESPONSE,0.6933,treatment_naive,False,0.0,1.0,0.0,60.0,8.0,10.0
HALLMARK_ANGIOGENESIS,0.00845,treatment_naive,False,0.8666666666666667,1.1,0.8222222222222222,1.1111111111111112,0.9777777777777776,0.26666666666666666
HALLMARK_APICAL_JUNCTION,0.16501,treatment_naive,False,0.0,2.3,0.5499999999999999,2.7,2.4,0.0
HALLMARK_APICAL_SURFACE,0.83426,anti_PD1,False,1.0,1.0,1.0,0.0,1.0,1.0
HALLMARK_APOPTOSIS,0.08624,treatment_naive,False,3.2222222222222214,3.333333333333333,0.0,3.7037037037037033,0.4814814814814815,0.0
HALLMARK_BILE_ACID_METABOLISM,0.15198,anti_PD1,False,0.375,1.3333333333333337,0.125,0.7083333333333334,1.5,0.4583333333333334
HALLMARK_CHOLESTEROL_HOMEOSTASIS,0.66622,treatment_naive,False,1.0,0.0,1.0,0.0,1.0,1.0
HALLMARK_COAGULATION,0.27026,treatment_naive,False,0.18181818181818185,5.454545454545454,0.7272727272727273,8.909090909090908,0.18181818181818185,0.0
HALLMARK_COMPLEMENT,0.24641,treatment_naive,False,10.428571428571429,2.714285714285714,0.0,14.285714285714285,0.0,0.0
HALLMARK_DNA_REPAIR,0.69492,anti_PD1,False,1.0,0.0,0.0,0.0,1.0,1.0
HALLMARK_E2F_TARGETS,0.27268000000000003,treatment_naive,False,6.0,2.0,0.0,39.0,6.5,0.0
HALLMARK_EPITHELIAL_MESENCHYMAL_TRANSITION,0.00011,treatment_naive,False,1.0,1.0,1.0,1.0,1.0,0.29
HALLMARK_ESTROGEN_RESPONSE_EARLY,0.15556,anti_PD1,False,2.6486486486486487,0.054054054054054064,0.0,0.5675675675675675,0.08108108108108109,2.2972972972972974
HALLMARK_ESTROGEN_RESPONSE_LATE,0.56466,anti_PD1,False,30.0,0.0,0.0,3.0,0.0,72.0
HALLMARK_FATTY_ACID_METABOLISM,0.55072,anti_PD1,False,0.0,0.0,0.33333333333333337,12.666666666666668,12.666666666666668,6.666666666666668
HALLMARK_G2M_CHECKPOINT,0.33942,treatment_naive,False,1.4,0.2,0.0,14.2,2.6,0.0
HALLMARK_GLYCOLYSIS,0.66296,treatment_naive,False,1.0,0.0,0.0,0.0,1.0,0.0
HALLMARK_HEDGEHOG_SIGNALING,0.7117,treatment_naive,False,0.0,0.0,0.0,0.0,0.0,0.0
HALLMARK_HEME_METABOLISM,0.24286999999999997,treatment_naive,False,0.9411764705882352,0.5294117647058822,0.5294117647058822,5.8235294117647065,0.0,0.4705882352941176
HALLMARK_HYPOXIA,0.61082,treatment_naive,False,1.0,0.0,1.0,0.0,0.0,0.0
HALLMARK_IL2_STAT5_SIGNALING,0.5351,treatment_naive,False,4.0,0.0,3.0,72.0,0.0,0.0
HALLMARK_IL6_JAK_STAT3_SIGNALING,0.11395999999999999,treatment_naive,False,2.333333333333333,1.8333333333333333,0.0,6.583333333333334,1.6666666666666667,0.16666666666666669
HALLMARK_INFLAMMATORY_RESPONSE,0.0362,treatment_naive,False,1.2678571428571426,1.4464285714285714,0.03571428571428571,1.625,0.9821428571428572,0.1607142857142857
HALLMARK_KRAS_SIGNALING_DN,0.15914,treatment_naive,False,0.045454545454545456,2.363636363636364,1.181818181818182,0.045454545454545456,1.8636363636363635,0.2727272727272727
HALLMARK_KRAS_SIGNALING_UP,0.71618,anti_PD1,False,0.0,0.0,0.0,0.5,0.5,2.5
HALLMARK_MITOTIC_SPINDLE,0.1618,treatment_naive,False,1.375,0.1875,0.0,6.0625,2.5,0.5625
HALLMARK_MTORC1_SIGNALING,0.21170999999999998,treatment_naive,False,5.066666666666666,3.4000000000000004,0.0,6.666666666666668,0.06666666666666668,0.0
HALLMARK_MYC_TARGETS_V1,0.01569,treatment_naive,False,1.1764705882352942,1.1764705882352942,0.0,1.1764705882352942,0.4470588235294118,0.023529411764705882
HALLMARK_MYC_TARGETS_V2,0.6715300000000001,anti_PD1,False,0.0,0.0,2.0,0.0,1.0,1.0
HALLMARK_MYOGENESIS,0.17302,treatment_naive,False,0.0,5.416666666666668,1.8333333333333333,3.583333333333333,7.0,0.0
HALLMARK_NOTCH_SIGNALING,0.69877,treatment_naive,False,1.0,0.0,1.0,0.0,0.0,0.0
HALLMARK_OXIDATIVE_PHOSPHORYLATION,0.29788000000000003,treatment_naive,False,9.333333333333334,13.000000000000002,0.0,33.333333333333336,0.0,0.0
HALLMARK_P53_PATHWAY,0.38759,anti_PD1,False,0.0,0.0,8.0,2.5,3.0,22.5
HALLMARK_PANCREAS_BETA_CELLS,0.50579,treatment_naive,False,0.0,0.0,0.0,3.0,0.0,0.0
HALLMARK_PEROXISOME,0.75884,treatment_naive,False,0.0,0.0,0.0,17.0,0.0,0.0
HALLMARK_PI3K_AKT_MTOR_SIGNALING,0.27726,treatment_naive,False,8.0,1.1,0.0,10.0,0.1,0.1
HALLMARK_PROTEIN_SECRETION,0.04833,treatment_naive,False,1.8846153846153848,1.5576923076923077,0.019230769230769232,1.9230769230769231,0.3461538461538461,0.0
HALLMARK_REACTIVE_OXYGEN_SPECIES_PATHWAY,0.22314,treatment_naive,False,7.0,1.6363636363636362,0.0,9.090909090909092,0.0,0.0
HALLMARK_SPERMATOGENESIS,0.5622,anti_PD1,False,1.3333333333333337,1.3333333333333337,0.0,3.666666666666667,0.33333333333333337,0.0
HALLMARK_TGF_BETA_SIGNALING,0.10307000000000001,treatment_naive,False,2.3076923076923075,0.9615384615384616,0.15384615384615385,3.8461538461538463,0.038461538461538464,0.23076923076923075
HALLMARK_TNFA_SIGNALING_VIA_NFKB,0.10875,treatment_naive,False,1.4615384615384617,7.6923076923076925,0.0,7.615384615384616,3.7692307692307687,0.38461538461538464
HALLMARK_UNFOLDED_PROTEIN_RESPONSE,0.41463999999999995,treatment_naive,False,38.0,19.0,1.0,100.0,0.0,0.0
HALLMARK_UV_RESPONSE_DN,0.7491800000000001,treatment_naive,False,1.0,1.0,1.0,0.0,1.0,1.0
HALLMARK_UV_RESPONSE_UP,0.33571999999999996,treatment_naive,False,3.0,10.0,0.0,18.5,1.5,0.0
HALLMARK_WNT_BETA_CATENIN_SIGNALING,0.8721,treatment_naive,True,1.0,1.0,1.0,1.0,1.0,1.0
HALLMARK_XENOBIOTIC_METABOLISM,0.24176999999999998,anti_PD1,False,0.18181818181818185,0.8181818181818181,0.0,0.0,4.545454545454546,1.8181818181818183
ONCOGENIC_AKT_UP.V1_DN,0.67785,anti_PD1,False,6.0,0.0,1.0,1.0,1.0,2.0
ONCOGENIC_AKT_UP.V1_UP,0.9587899999999999,anti_PD1,False,0.0,0.0,2.0,2.0,4.0,0.0
ONCOGENIC_AKT_UP_MTOR_DN.V1_DN,0.25361999999999996,anti_PD1,False,1.56,1.44,0.64,0.32,0.12,0.36
ONCOGENIC_AKT_UP_MTOR_DN.V1_UP,0.9025,anti_PD1,False,1.0,0.0,0.0,0.0,1.0,0.0
ONCOGENIC_ALK_DN.V1_DN,0.7095899999999999,treatment_naive,False,1.0,0.0,0.0,0.0,1.0,0.0
ONCOGENIC_ALK_DN.V1_UP,0.51334,anti_PD1,False,0.0,0.5,1.0,0.5,0.0,0.0
ONCOGENIC_ATF2_S_UP.V1_DN,0.33699,treatment_naive,False,0.16666666666666669,0.16666666666666669,0.33333333333333337,1.8333333333333333,4.833333333333333,4.0
ONCOGENIC_ATF2_S_UP.V1_UP,0.29857,anti_PD1,False,9.166666666666668,2.166666666666667,0.0,9.333333333333334,0.0,0.33333333333333337
ONCOGENIC_ATF2_UP.V1_DN,0.8914,treatment_naive,False,1.0,1.0,1.0,0.0,0.0,1.0
ONCOGENIC_ATF2_UP.V1_UP,0.34788,anti_PD1,False,3.0,2.0,0.0,0.8750000000000001,0.0,0.125
ONCOGENIC_ATM_DN.V1_DN,0.57936,treatment_naive,False,0.0,3.0,3.0,0.0,7.000000000000001,0.0
ONCOGENIC_ATM_DN.V1_UP,0.9064200000000001,treatment_naive,False,0.0,1.0,2.0,1.0,0.0,0.0
ONCOGENIC_BCAT.100_UP.V1_DN,0.33954,anti_PD1,False,6.333333333333334,0.33333333333333337,0.33333333333333337,1.3333333333333337,2.333333333333333,0.6666666666666667
ONCOGENIC_BCAT.100_UP.V1_UP,0.85154,treatment_naive,False,0.0,0.0,12.0,1.0,0.0,0.0
ONCOGENIC_BCAT_BILD_ET_AL_DN,0.6442,treatment_naive,False,1.0,1.0,1.0,0.0,1.0,0.0
ONCOGENIC_BCAT_BILD_ET_AL_UP,0.06792999999999999,treatment_naive,False,0.8974358974358974,2.128205128205128,0.28205128205128205,2.0512820512820515,0.25641025641025644,0.0
ONCOGENIC_BCAT_GDS748_DN,0.4304,anti_PD1,False,0.0,2.5,0.5,0.5,0.5,1.0
ONCOGENIC_BCAT_GDS748_UP,0.6141,anti_PD1,False,1.0,1.0,1.0,0.0,0.0,0.0
ONCOGENIC_BMI1_DN.V1_DN,0.7671,treatment_naive,False,0.0,2.5,0.0,5.5,5.0,0.5
ONCOGENIC_BMI1_DN.V1_UP,0.1392,treatment_naive,False,0.1851851851851852,1.1851851851851851,0.1111111111111111,1.4814814814814814,2.2962962962962963,0.1111111111111111
ONCOGENIC_BMI1_DN_MEL18_DN.V1_DN,0.8607299999999999,treatment_naive,False,0.0,2.0,0.0,2.0,4.5,3.0
ONCOGENIC_BMI1_DN_MEL18_DN.V1_UP,0.14082,treatment_naive,False,0.4615384615384615,1.0,0.2692307692307693,0.15384615384615385,1.5384615384615383,0.9615384615384616
ONCOGENIC_BRCA1_DN.V1_DN,0.68762,anti_PD1,False,0.0,0.0,1.0,0.0,1.0,0.0
ONCOGENIC_BRCA1_DN.V1_UP,0.9055,treatment_naive,False,0.0,1.0,1.0,0.0,1.0,1.0
ONCOGENIC_CAHOY_ASTROCYTIC,0.99775,anti_PD1,False,0.0,1.0,0.0,0.0,0.0,1.0
ONCOGENIC_CAHOY_ASTROGLIAL,0.22346999999999997,treatment_naive,False,0.0,11.0,8.0,50.0,18.0,0.0
ONCOGENIC_CAHOY_NEURONAL,0.27005,treatment_naive,False,0.0,0.0,4.6,0.4,1.6,5.799999999999999
ONCOGENIC_CAHOY_OLIGODENDROCUTIC,0.5764100000000001,anti_PD1,False,1.0,0.0,0.0,0.0,0.0,1.0
ONCOGENIC_CAMP_UP.V1_DN,0.05959,treatment_naive,False,2.0638297872340425,1.8510638297872344,0.042553191489361715,2.127659574468085,0.3829787234042553,0.042553191489361715
ONCOGENIC_CAMP_UP.V1_UP,0.13917000000000002,treatment_naive,False,6.153846153846153,5.461538461538462,0.0,7.6923076923076925,0.3076923076923077,0.0
ONCOGENIC_CORDENONSI_YAP_CONSERVED_SIGNATURE,0.6712600000000001,treatment_naive,False,0.0,1.0,0.0,9.0,4.0,1.0
ONCOGENIC_CRX_DN.V1_DN,0.11032,treatment_naive,False,0.04,3.08,1.8,0.88,1.28,0.0
ONCOGENIC_CRX_DN.V1_UP,0.41481999999999997,anti_PD1,False,0.4545454545454546,0.2727272727272727,0.2727272727272727,0.5454545454545454,0.18181818181818185,0.09090909090909093
ONCOGENIC_CRX_NRL_DN.V1_DN,0.281,treatment_naive,False,0.1875,1.625,0.25,0.6875,1.0625,0.0625
ONCOGENIC_CRX_NRL_DN.V1_UP,0.08889,anti_PD1,False,2.083333333333333,1.6388888888888888,0.16666666666666666,1.6111111111111112,0.3333333333333333,0.19444444444444448
ONCOGENIC_CSR_EARLY_UP.V1_DN,0.5320199999999999,anti_PD1,False,1.0,6.0,0.0,0.5,1.0,0.0
ONCOGENIC_CSR_EARLY_UP.V1_UP,0.43072,treatment_naive,False,0.75,0.75,0.0,17.0,0.0,0.25
ONCOGENIC_CSR_LATE_UP.V1_DN,0.50522,anti_PD1,False,0.25,0.5,0.0,0.0,1.0,0.25
ONCOGENIC_CSR_LATE_UP.V1_UP,0.82026,anti_PD1,False,1.0,1.0,0.0,0.0,0.0,1.0
ONCOGENIC_CTIP_DN.V1_DN,0.24245,anti_PD1,False,4.866666666666667,1.2,0.06666666666666668,1.866666666666667,0.0,0.06666666666666668
ONCOGENIC_CTIP_DN.V1_UP,0.77042,treatment_naive,False,1.0,0.0,1.0,0.0,0.0,1.0
ONCOGENIC_CYCLIN_D1_KE_.V1_DN,0.11623,treatment_naive,False,2.655172413793104,2.2068965517241383,0.06896551724137932,3.0,0.7241379310344828,0.06896551724137932
ONCOGENIC_CYCLIN_D1_KE_.V1_UP,0.65078,treatment_naive,False,1.0,0.0,1.0,0.0,0.0,1.0
ONCOGENIC_CYCLIN_D1_UP.V1_DN,0.24654,treatment_naive,False,7.399999999999999,5.4,0.2,8.399999999999999,1.4,0.0
ONCOGENIC_CYCLIN_D1_UP.V1_UP,0.7246,treatment_naive,False,0.0,4.5,0.5,0.5,0.0,4.5
ONCOGENIC_DCA_UP.V1_DN,0.7468,anti_PD1,False,0.5,3.0,15.5,0.5,0.0,0.0
ONCOGENIC_DCA_UP.V1_UP,0.71512,treatment_naive,False,0.0,0.0,5.0,11.0,6.0,1.0
ONCOGENIC_E2F1_UP.V1_DN,0.31008,treatment_naive,False,0.0,0.0,1.0,0.0,0.0,1.0
ONCOGENIC_E2F1_UP.V1_UP,0.56002,anti_PD1,False,0.0,2.0,1.0,2.666666666666667,0.0,0.0
ONCOGENIC_E2F3_UP.V1_DN,0.7569,anti_PD1,False,0.0,0.0,0.0,1.0,1.0,0.0
ONCOGENIC_E2F3_UP.V1_UP,0.012819999999999998,anti_PD1,False,1.1764705882352942,1.1647058823529413,0.1411764705882353,1.1764705882352942,0.07058823529411765,0.3647058823529412
ONCOGENIC_EGFR_UP.V1_DN,0.80192,anti_PD1,False,1.0,1.0,1.0,0.0,1.0,1.0
ONCOGENIC_EGFR_UP.V1_UP,0.9011399999999999,treatment_naive,False,1.0,1.0,0.0,0.0,1.0,0.0
ONCOGENIC_EIF4E_DN,0.9918899999999999,treatment_naive,False,1.0,1.0,1.0,0.0,1.0,1.0
ONCOGENIC_EIF4E_UP,0.8099,anti_PD1,False,1.0,1.0,0.0,0.0,1.0,0.0
ONCOGENIC_ERBB2_UP.V1_DN,0.60312,treatment_naive,False,0.0,0.0,1.0,56.99999999999999,1.0,0.0
ONCOGENIC_ERBB2_UP.V1_UP,0.51839,anti_PD1,False,22.5,0.0,0.0,0.0,0.0,10.5
ONCOGENIC_ESC_J1_UP_EARLY.V1_DN,0.8641,anti_PD1,False,4.0,0.0,0.0,0.0,0.0,26.0
ONCOGENIC_ESC_J1_UP_EARLY.V1_UP,0.18575999999999998,treatment_naive,False,0.09090909090909093,0.6818181818181818,2.1818181818181817,0.045454545454545456,0.2727272727272727,0.40909090909090906
ONCOGENIC_ESC_J1_UP_LATE.V1_DN,0.78898,anti_PD1,False,1.0,1.0,1.0,1.0,1.0,0.0
ONCOGENIC_ESC_J1_UP_LATE.V1_UP,0.5931,treatment_naive,False,0.0,0.0,0.0,0.0,1.0,0.0
ONCOGENIC_ESC_V6.5_UP_EARLY.V1_DN,0.0036200000000000004,treatment_naive,False,0.2298850574712644,1.1494252873563218,0.9540229885057472,1.0919540229885056,1.1494252873563218,0.02298850574712644
ONCOGENIC_ESC_V6.5_UP_EARLY.V1_UP,0.1389,anti_PD1,False,2.0,2.36,0.04,1.4,0.32,0.08
ONCOGENIC_ESC_V6.5_UP_LATE.V1_DN,0.584,treatment_naive,False,1.0,0.0,0.0,0.0,0.0,1.0
ONCOGENIC_ESC_V6.5_UP_LATE.V1_UP,0.3795,anti_PD1,False,2.0,0.0,1.5,0.16666666666666669,0.0,6.166666666666668
ONCOGENIC_GCNP_SHH_UP_EARLY.V1_DN,0.6783399999999999,anti_PD1,False,1.0,1.0,0.0,0.0,1.0,0.0
ONCOGENIC_GCNP_SHH_UP_EARLY.V1_UP,0.97456,anti_PD1,False,0.0,1.0,1.0,0.0,1.0,0.0
ONCOGENIC_GCNP_SHH_UP_LATE.V1_DN,0.11142,anti_PD1,False,0.857142857142857,0.25,1.1785714285714286,0.10714285714285712,0.4285714285714285,1.4999999999999998
ONCOGENIC_GCNP_SHH_UP_LATE.V1_UP,0.4307,treatment_naive,False,3.5000000000000004,1.5,0.0,38.0,1.0,0.0
ONCOGENIC_GLI1_UP.V1_DN,0.42638000000000004,anti_PD1,False,0.4,0.6,1.6,0.0,0.0,0.2
ONCOGENIC_GLI1_UP.V1_UP,0.36728,treatment_naive,False,0.0,0.25,0.5,4.75,0.25,0.25
ONCOGENIC_HINATA_NFKB_IMMU_INF,0.21833000000000002,treatment_naive,False,0.9166666666666669,1.25,0.16666666666666669,1.0833333333333337,0.5,0.08333333333333334
ONCOGENIC_HINATA_NFKB_MATRIX,0.02052,treatment_naive,False,1.1375,1.2374999999999998,0.7000000000000001,1.25,0.7499999999999999,0.05
ONCOGENIC_HOXA9_DN.V1_DN,0.81177,anti_PD1,False,1.0,1.0,0.0,1.0,1.0,1.0
ONCOGENIC_HOXA9_DN.V1_UP,0.57204,treatment_naive,False,46.0,0.0,0.0,91.0,0.0,1.0
ONCOGENIC_IL15_UP.V1_DN,0.37376,treatment_naive,False,0.4,0.2,0.0,1.0,3.2,1.2
ONCOGENIC_IL15_UP.V1_UP,0.75648,treatment_naive,False,1.0,1.0,0.0,0.0,1.0,1.0
ONCOGENIC_IL21_UP.V1_DN,0.74874,treatment_naive,False,0.0,5.0,1.0,40.0,14.000000000000002,0.0
ONCOGENIC_IL21_UP.V1_UP,0.15258,treatment_naive,False,0.16666666666666666,0.3333333333333333,1.2777777777777781,0.05555555555555556,1.2777777777777781,1.6666666666666667
ONCOGENIC_IL2_UP.V1_DN,0.60874,treatment_naive,False,0.0,0.5,0.0,3.5000000000000004,2.5,2.0
ONCOGENIC_IL2_UP.V1_UP,0.58744,anti_PD1,False,0.0,0.0,0.0,0.0,0.75,1.5
ONCOGENIC_JAK2_DN.V1_DN,0.9563,treatment_naive,False,0.0,0.0,0.5,2.5,0.0,2.5
ONCOGENIC_JAK2_DN.V1_UP,0.0604,treatment_naive,False,0.2372881355932204,1.4745762711864407,1.4745762711864407,0.0,0.7288135593220341,0.288135593220339
ONCOGENIC_JNK_DN.V1_DN,0.7157600000000001,treatment_naive,False,0.0,0.0,3.0,3.0,0.0,4.0
ONCOGENIC_JNK_DN.V1_UP,0.47752,treatment_naive,False,1.0,0.0,0.0,0.0,0.0,1.0
ONCOGENIC_KRAS.300_UP.V1_DN,0.62138,treatment_naive,False,1.0,0.0,0.0,1.0,1.0,0.0
ONCOGENIC_KRAS.300_UP.V1_UP,0.9718200000000001,treatment_naive,False,1.0,1.0,0.0,0.0,0.0,0.0
ONCOGENIC_KRAS.50_UP.V1_DN,0.90443,treatment_naive,False,1.0,1.0,1.0,0.0,1.0,1.0
ONCOGENIC_KRAS.50_UP.V1_UP,0.72828,treatment_naive,False,1.0,0.0,1.0,0.0,0.0,1.0
ONCOGENIC_KRAS.600.LUNG.BREAST_UP.V1_DN,0.47253999999999996,treatment_naive,False,5.5,0.25,0.0,14.000000000000002,0.5,0.75
ONCOGENIC_KRAS.600.LUNG.BREAST_UP.V1_UP,0.5757,treatment_naive,False,0.0,0.0,0.0,77.0,0.0,4.0
ONCOGENIC_KRAS.600_UP.V1_DN,0.9875299999999999,treatment_naive,False,0.0,1.0,0.0,0.0,1.0,1.0
ONCOGENIC_KRAS.600_UP.V1_UP,0.7783,treatment_naive,False,1.0,1.0,1.0,0.0,1.0,0.0
ONCOGENIC_KRAS.AMP.LUNG_UP.V1_DN,0.8733,anti_PD1,False,1.0,1.0,1.0,0.0,1.0,0.0
ONCOGENIC_KRAS.AMP.LUNG_UP.V1_UP,0.09232,treatment_naive,False,1.862068965517241,1.0,0.6896551724137931,0.7241379310344828,0.37931034482758624,0.9655172413793104
ONCOGENIC_KRAS.BREAST_UP.V1_DN,0.5162100000000001,treatment_naive,False,0.0,0.0,2.0,1.0,1.3333333333333337,6.0
ONCOGENIC_KRAS.BREAST_UP.V1_UP,0.33325,treatment_naive,False,0.5714285714285714,4.999999999999999,3.1428571428571432,0.0,0.0,0.0
ONCOGENIC_KRAS.DF.V1_DN,0.31114,anti_PD1,False,2.1,1.2,0.1,5.0,0.3,0.2
ONCOGENIC_KRAS.DF.V1_UP,0.8396600000000001,anti_PD1,False,1.0,1.0,1.0,0.0,1.0,0.0
ONCOGENIC_KRAS.KIDNEY_UP.V1_DN,0.81358,treatment_naive,False,1.0,1.0,0.0,0.0,1.0,1.0
ONCOGENIC_KRAS.KIDNEY_UP.V1_UP,0.66068,treatment_naive,False,1.0,1.0,0.0,0.0,1.0,1.0
ONCOGENIC_KRAS.LUNG.BREAST_UP.V1_DN,0.6631100000000001,treatment_naive,False,11.0,0.0,3.0,38.0,1.0,1.0
ONCOGENIC_KRAS.LUNG.BREAST_UP.V1_UP,0.52161,treatment_naive,False,0.5,3.5000000000000004,0.0,4.5,0.5,0.0
ONCOGENIC_KRAS.LUNG_UP.V1_DN,0.93156,treatment_naive,False,0.0,0.0,0.0,0.0,0.0,0.0
ONCOGENIC_KRAS.LUNG_UP.V1_UP,0.47894,treatment_naive,False,0.5,0.5,0.0,2.5,1.5,13.5
ONCOGENIC_KRAS.PROSTATE_UP.V1_DN,0.75234,treatment_naive,False,1.0,1.0,1.0,0.0,0.0,1.0
ONCOGENIC_KRAS.PROSTATE_UP.V1_UP,0.6197,anti_PD1,False,0.0,0.0,0.33333333333333337,20.33333333333333,0.33333333333333337,0.0
ONCOGENIC_LEF1_UP.V1_DN,0.37711999999999996,anti_PD1,False,0.0,0.33333333333333337,0.0,0.0,1.3333333333333337,1.6666666666666667
ONCOGENIC_LEF1_UP.V1_UP,0.03902,treatment_naive,False,0.0,1.6610169491525424,1.6440677966101696,0.6271186440677966,1.6101694915254237,0.0
ONCOGENIC_LTE2_UP.V1_DN,0.25734,treatment_naive,False,2.0,10.333333333333334,0.33333333333333337,25.333333333333336,3.0,0.33333333333333337
ONCOGENIC_LTE2_UP.V1_UP,0.0213,anti_PD1,False,1.3888888888888888,1.263888888888889,0.1388888888888889,0.4166666666666667,0.9305555555555556,0.7083333333333334
ONCOGENIC_MEK_UP.V1_DN,0.85546,anti_PD1,False,1.0,1.0,0.0,0.0,0.0,0.0
ONCOGENIC_MEK_UP.V1_UP,0.6852199999999999,treatment_naive,False,0.0,1.0,7.000000000000001,2.0,0.0,0.0
ONCOGENIC_MEL18_DN.V1_DN,0.39721999999999996,treatment_naive,False,0.0,39.0,0.0,17.0,31.0,2.0
ONCOGENIC_MEL18_DN.V1_UP,0.10867,treatment_naive,False,0.9743589743589745,0.5897435897435898,0.10256410256410256,0.641025641025641,0.7692307692307692,0.5641025641025641
ONCOGENIC_MTOR_UP.N4.V1_DN,0.18645,anti_PD1,False,0.0,1.0666666666666669,2.1333333333333333,0.06666666666666668,2.266666666666667,0.7333333333333334
ONCOGENIC_MTOR_UP.N4.V1_UP,0.05192000000000001,anti_PD1,False,1.1428571428571432,1.5102040816326532,0.979591836734694,0.020408163265306124,0.6122448979591837,0.7959183673469388
ONCOGENIC_MTOR_UP.V1_DN,0.41173999999999994,anti_PD1,False,7.428571428571428,0.2857142857142857,0.0,0.4285714285714285,0.0,2.4285714285714284
ONCOGENIC_MTOR_UP.V1_UP,0.9934200000000001,treatment_naive,False,0.0,0.5,0.0,2.5,0.0,0.0
ONCOGENIC_MYC_UP.V1_DN,0.32986,anti_PD1,False,0.5,7.5,0.0,18.0,1.5,0.0
ONCOGENIC_MYC_UP.V1_UP,0.10224,anti_PD1,False,2.6785714285714284,1.4999999999999998,0.0,1.9285714285714288,0.0,0.17857142857142858
ONCOGENIC_NFE2L2.V2,0.1812,anti_PD1,False,4.043478260869565,0.9565217391304348,0.0,2.7391304347826084,0.0,0.4782608695652174
ONCOGENIC_NOTCH_DN.V1_DN,0.13901,anti_PD1,False,3.5555555555555562,1.1666666666666667,0.5,4.500000000000001,0.05555555555555556,0.5
ONCOGENIC_NOTCH_DN.V1_UP,0.88913,treatment_naive,False,1.0,1.0,0.0,0.0,0.0,1.0
ONCOGENIC_NRL_DN.V1_DN,0.24099,treatment_naive,False,1.7,4.5,0.2,2.8999999999999995,0.8999999999999999,0.1
ONCOGENIC_NRL_DN.V1_UP,0.6987899999999999,treatment_naive,False,0.0,1.0,0.0,0.0,0.0,1.0
ONCOGENIC_P53_DN.V1_DN,0.3937,treatment_naive,False,0.0,1.6666666666666667,0.0,10.0,2.333333333333333,0.0
ONCOGENIC_P53_DN.V1_UP,0.29377,treatment_naive,False,0.0,4.333333333333334,0.9166666666666669,0.33333333333333337,4.083333333333333,0.08333333333333334
ONCOGENIC_P53_DN.V2_DN,0.81324,treatment_naive,False,1.0,1.0,0.0,0.0,0.0,1.0
ONCOGENIC_P53_DN.V2_UP,0.19533,anti_PD1,False,3.5263157894736845,0.15789473684210525,0.15789473684210525,0.8947368421052632,0.0,3.210526315789473
ONCOGENIC_PDGF_ERK_DN.V1_DN,0.18412,anti_PD1,False,0.7333333333333334,1.8000000000000005,1.9333333333333331,0.13333333333333333,1.2,0.6
ONCOGENIC_PDGF_ERK_DN.V1_UP,0.13229000000000002,treatment_naive,False,0.875,0.375,0.2916666666666667,2.833333333333333,0.9166666666666669,1.0
ONCOGENIC_PDGF_UP.V1_DN,0.6744600000000001,anti_PD1,False,0.0,0.0,2.0,0.0,0.0,5.0
ONCOGENIC_PDGF_UP.V1_UP,0.9719,anti_PD1,False,0.0,1.0,0.0,0.0,1.0,0.0
ONCOGENIC_PIGF_UP.V1_DN,0.5552199999999999,treatment_naive,False,0.0,0.0,1.0,0.0,29.0,1.0
ONCOGENIC_PIGF_UP.V1_UP,0.54642,treatment_naive,False,0.0,1.0,1.0,0.0,1.0,1.0
ONCOGENIC_PKCA_DN.V1_DN,0.71129,treatment_naive,False,0.0,1.0,1.0,0.0,1.0,1.0
ONCOGENIC_PKCA_DN.V1_UP,0.13067,anti_PD1,False,0.3076923076923077,2.8461538461538463,0.038461538461538464,2.9230769230769234,1.8076923076923077,0.0
ONCOGENIC_PRC1_BMI_UP.V1_DN,0.21921999999999997,anti_PD1,False,6.4,1.6,0.0,9.9,0.1,0.2
ONCOGENIC_PRC1_BMI_UP.V1_UP,0.32261999999999996,treatment_naive,False,0.0,1.5,2.5,0.16666666666666669,1.1666666666666667,0.0
ONCOGENIC_PRC2_EED_UP.V1_DN,0.25963,anti_PD1,False,3.5000000000000004,14.000000000000002,1.0,4.0,0.5,0.0
ONCOGENIC_PRC2_EED_UP.V1_UP,0.90304,treatment_naive,False,1.0,0.0,1.0,0.0,1.0,0.0
ONCOGENIC_PRC2_EZH2_UP.V1_DN,0.80777,treatment_naive,False,1.0,0.0,1.0,0.0,0.0,0.0
ONCOGENIC_PRC2_EZH2_UP.V1_UP,0.7122,treatment_naive,False,1.0,0.0,0.0,0.0,0.0,0.0
ONCOGENIC_PRC2_SUZ12_UP.V1_DN,0.60943,treatment_naive,False,0.0,0.0,10.0,2.0,6.0,10.0
ONCOGENIC_PRC2_SUZ12_UP.V1_UP,0.5897399999999999,anti_PD1,False,1.0,0.0,0.0,7.0,0.0,0.6666666666666667
ONCOGENIC_PTEN_DN.V1_DN,0.27574,treatment_naive,False,0.0,7.363636363636363,0.7272727272727273,0.09090909090909093,2.1818181818181817,0.0
ONCOGENIC_PTEN_DN.V1_UP,0.74868,treatment_naive,False,0.0,1.0,0.0,0.0,1.0,1.0
ONCOGENIC_PTEN_DN.V2_DN,0.8594200000000001,anti_PD1,False,4.0,1.0,1.0,1.0,1.0,0.0
ONCOGENIC_PTEN_DN.V2_UP,0.8896799999999999,treatment_naive,False,1.0,1.0,1.0,1.0,0.0,0.0
ONCOGENIC_RAF_UP.V1_DN,0.27804,anti_PD1,False,2.5714285714285707,0.0,0.0,0.2857142857142857,1.2857142857142856,7.571428571428571
ONCOGENIC_RAF_UP.V1_UP,0.45661999999999997,anti_PD1,False,1.0,0.0,3.0,2.5,1.0,2.5
ONCOGENIC_RAPA_EARLY_UP.V1_DN,0.5361199999999999,anti_PD1,False,1.0,5.0,0.0,9.0,0.0,0.0
ONCOGENIC_RAPA_EARLY_UP.V1_UP,0.67848,treatment_naive,False,1.0,0.0,1.0,0.0,0.0,1.0
ONCOGENIC_RB_DN.V1_DN,0.30075,treatment_naive,False,0.75,15.5,0.0,18.0,0.5,0.25
ONCOGENIC_RB_DN.V1_UP,0.51784,anti_PD1,False,0.5,1.5,0.0,1.5,0.0,1.0
ONCOGENIC_RB_P107_DN.V1_DN,0.43801999999999996,treatment_naive,False,0.0,0.0,0.0,0.0,1.0,1.0
ONCOGENIC_RB_P107_DN.V1_UP,0.95926,anti_PD1,False,0.0,1.0,1.0,1.0,0.0,0.0
ONCOGENIC_RB_P130_DN.V1_DN,0.36232,treatment_naive,False,33.0,3.0,0.0,99.0,0.0,0.0
ONCOGENIC_RB_P130_DN.V1_UP,0.81848,anti_PD1,False,0.0,0.0,2.5,0.0,0.5,0.0
ONCOGENIC_RELA_DN.V1_DN,0.87474,treatment_naive,False,1.0,1.0,1.0,0.0,1.0,1.0
ONCOGENIC_RELA_DN.V1_UP,0.57421,treatment_naive,False,1.0,0.0,0.0,0.0,0.0,0.0
ONCOGENIC_RPS14_DN.V1_DN,0.95844,treatment_naive,False,0.0,1.0,1.0,0.0,0.0,0.0
ONCOGENIC_RPS14_DN.V1_UP,0.77364,treatment_naive,False,1.0,1.0,0.0,0.0,1.0,1.0
ONCOGENIC_SINGH_KRAS_DEPENDENCY_SIGNATURE,0.19724,anti_PD1,False,3.625,0.625,0.0625,5.25,0.6875,0.75
ONCOGENIC_SIRNA_EIF4GI_DN,0.59624,treatment_naive,False,1.0,0.0,0.0,42.0,2.0,0.0
ONCOGENIC_SIRNA_EIF4GI_UP,0.6082,treatment_naive,False,3.0,0.0,0.0,79.0,0.0,1.0
ONCOGENIC_SNF5_DN.V1_DN,0.88615,treatment_naive,False,0.0,1.0,1.0,0.0,0.0,1.0
ONCOGENIC_SNF5_DN.V1_UP,0.03717,treatment_naive,False,1.4406779661016949,1.6271186440677967,0.2033898305084746,1.6779661016949152,0.7288135593220341,0.01694915254237288
ONCOGENIC_SRC_UP.V1_DN,0.8388,treatment_naive,False,0.0,1.0,1.0,0.0,1.0,0.0
ONCOGENIC_SRC_UP.V1_UP,0.52351,treatment_naive,False,0.0,4.0,2.0,6.0,10.0,0.0
ONCOGENIC_STK33_DN,0.19505,anti_PD1,False,8.75,3.375,0.375,8.25,0.0,0.0
ONCOGENIC_STK33_NOMO_DN,0.15274000000000001,anti_PD1,False,2.75,2.15,0.25,4.9,0.25,0.15
ONCOGENIC_STK33_NOMO_UP,0.5236,treatment_naive,False,0.0,1.6666666666666667,0.0,20.666666666666668,3.666666666666667,0.6666666666666667
ONCOGENIC_STK33_SKM_DN,0.73016,treatment_naive,False,8.0,0.0,0.0,34.0,1.0,3.0
ONCOGENIC_STK33_SKM_UP,0.7148,treatment_naive,False,1.0,1.0,1.0,0.0,1.0,1.0
ONCOGENIC_STK33_UP,0.8704799999999999,treatment_naive,False,1.0,1.0,1.0,0.0,1.0,1.0
ONCOGENIC_TBK1.DF_DN,0.56274,treatment_naive,False,0.0,0.0,0.0,91.0,0.0,3.0
ONCOGENIC_TBK1.DF_UP,0.2761,anti_PD1,False,0.09090909090909093,1.272727272727273,2.727272727272727,0.09090909090909093,0.8181818181818181,1.181818181818182
ONCOGENIC_TBK1.DN.48HRS_DN,0.33571999999999996,anti_PD1,False,0.0,0.6666666666666667,4.0,1.6666666666666667,1.6666666666666667,1.0
ONCOGENIC_TBK1.DN.48HRS_UP,0.48798,treatment_naive,False,0.0,0.0,0.0,32.0,0.5,0.0
ONCOGENIC_TGFB_UP.V1_DN,0.22426999999999997,anti_PD1,False,3.4615384615384617,2.0769230769230766,0.0,2.769230769230769,0.23076923076923075,0.0
ONCOGENIC_TGFB_UP.V1_UP,0.34103,treatment_naive,False,0.0,0.4285714285714285,3.2857142857142856,2.0,1.714285714285714,0.5714285714285714
ONCOGENIC_VEGF_A_UP.V1_DN,0.16963,treatment_naive,False,0.923076923076923,0.07692307692307693,0.0,5.230769230769232,2.0,2.0
ONCOGENIC_VEGF_A_UP.V1_UP,0.57339,anti_PD1,False,0.0,4.0,6.0,2.0,1.0,4.0
ONCOGENIC_WNT_UP.V1_DN,0.8567,treatment_naive,False,0.0,1.0,0.0,1.0,1.0,1.0
ONCOGENIC_WNT_UP.V1_UP,0.9588,treatment_naive,False,0.0,1.0,1.0,0.0,1.0,1.0
ONCOGENIC_YAP1_DN,0.22688000000000003,anti_PD1,False,1.1666666666666667,0.16666666666666669,0.0,1.5,1.1666666666666667,1.0
ONCOGENIC_YAP1_UP,0.78495,anti_PD1,False,1.0,1.0,0.0,0.0,1.0,0.0
