Cell,sample_id,group_id
BIOKEY_10_Pre_AAACGGGAGAATGTGT-1,BRCA_4,TNBC
BIOKEY_10_Pre_AACGTTGAGCAGACTG-1,BRCA_4,TNBC
BIOKEY_10_Pre_ACGATGTCAGACGTAG-1,BRCA_4,TNBC
BIOKEY_10_Pre_ACGGAGAAGTCGAGTG-1,BRCA_4,TNBC
BIOKEY_10_Pre_AGGGTGACATCCCACT-1,BRCA_4,TNBC
BIOKEY_10_Pre_AGGTCATAGGACGAAA-1,BRCA_4,TNBC
BIOKEY_10_Pre_ATGTGTGCATACAGCT-1,BRCA_4,TNBC
BIOKEY_10_Pre_ATTTCTGGTCCCGACA-1,BRCA_4,TNBC
BIOKEY_10_Pre_CAACCAAAGCGAAGGG-1,BRCA_4,TNBC
BIOKEY_10_Pre_CAACCTCTCGTAGATC-1,BRCA_4,TNBC
BIOKEY_10_Pre_CACCAGGGTCCGAAGA-1,BRCA_4,TNBC
BIOKEY_10_Pre_CAGCAGCTCGCTTGTC-1,BRCA_4,TNBC
BIOKEY_10_Pre_CATATGGGTTACCGAT-1,BRCA_4,TNBC
BIOKEY_10_Pre_CATCCACGTTTGGGCC-1,BRCA_4,TNBC
BIOKEY_10_Pre_CCCTCCTGTATGAATG-1,BRCA_4,TNBC
BIOKEY_10_Pre_CCGTACTCATATGCTG-1,BRCA_4,TNBC
BIOKEY_10_Pre_CCTACACGTCTCTCTG-1,BRCA_4,TNBC
BIOKEY_10_Pre_CCTTCGAAGACCTTTG-1,BRCA_4,TNBC
BIOKEY_10_Pre_CGAGCCAAGCCGGTAA-1,BRCA_4,TNBC
BIOKEY_10_Pre_CGCTGGACAAACTGCT-1,BRCA_4,TNBC
BIOKEY_10_Pre_CGGAGCTGTCTAACGT-1,BRCA_4,TNBC
BIOKEY_10_Pre_CTAACTTAGGGATGGG-1,BRCA_4,TNBC
BIOKEY_10_Pre_CTCGAGGAGAAAGTGG-1,BRCA_4,TNBC
BIOKEY_10_Pre_CTGATAGCATGGTCAT-1,BRCA_4,TNBC
BIOKEY_10_Pre_CTTAACTTCAGCTCTC-1,BRCA_4,TNBC
BIOKEY_10_Pre_GACAGAGCAGGCAGTA-1,BRCA_4,TNBC
BIOKEY_10_Pre_GCACTCTAGGAATTAC-1,BRCA_4,TNBC
BIOKEY_10_Pre_GCATGTAAGATGCCAG-1,BRCA_4,TNBC
BIOKEY_10_Pre_GCGACCATCTCTGAGA-1,BRCA_4,TNBC
BIOKEY_10_Pre_GCTGCAGTCCCTTGTG-1,BRCA_4,TNBC
BIOKEY_10_Pre_GGAATAAAGAGGGATA-1,BRCA_4,TNBC
BIOKEY_10_Pre_GGACAAGAGCTACCGC-1,BRCA_4,TNBC
BIOKEY_10_Pre_GGACAGACACCGCTAG-1,BRCA_4,TNBC
BIOKEY_10_Pre_GGATGTTCAATAGAGT-1,BRCA_4,TNBC
BIOKEY_10_Pre_GTATTCTTCGTACGGC-1,BRCA_4,TNBC
BIOKEY_10_Pre_TACTTGTCACCGAATT-1,BRCA_4,TNBC
BIOKEY_10_Pre_TAGGCATGTGCAACGA-1,BRCA_4,TNBC
BIOKEY_10_Pre_TATCAGGTCCACGAAT-1,BRCA_4,TNBC
BIOKEY_10_Pre_TCGGTAATCCACGTGG-1,BRCA_4,TNBC
BIOKEY_10_Pre_TCTGAGACACGTAAGG-1,BRCA_4,TNBC
BIOKEY_10_Pre_TCTGGAAGTACATCCA-1,BRCA_4,TNBC
BIOKEY_10_Pre_TGCGGGTCAAACCTAC-1,BRCA_4,TNBC
BIOKEY_10_Pre_TGGCGCAAGAGTAAGG-1,BRCA_4,TNBC
BIOKEY_10_Pre_TTCGGTCGTACAGTGG-1,BRCA_4,TNBC
BIOKEY_16_Pre_ACCTTTAAGAGTCGGT-1,BRCA_32,TNBC
BIOKEY_16_Pre_AGGTCATTCTGATTCT-1,BRCA_32,TNBC
BIOKEY_16_Pre_CAACTAGAGTGTCTCA-1,BRCA_32,TNBC
BIOKEY_16_Pre_CACCACTCACGAAAGC-1,BRCA_32,TNBC
BIOKEY_16_Pre_CGAGCCATCGCAAGCC-1,BRCA_32,TNBC
BIOKEY_16_Pre_CGGACGTCATTCGACA-1,BRCA_32,TNBC
BIOKEY_16_Pre_CGTCACTCAATAGCGG-1,BRCA_32,TNBC
BIOKEY_16_Pre_CGTGAGCAGCGGATCA-1,BRCA_32,TNBC
BIOKEY_16_Pre_CTACATTAGTGCAAGC-1,BRCA_32,TNBC
BIOKEY_16_Pre_CTGCGGAGTTGGACCC-1,BRCA_32,TNBC
BIOKEY_16_Pre_GAACATCAGCCACGCT-1,BRCA_32,TNBC
BIOKEY_16_Pre_GACTACAAGCAGGTCA-1,BRCA_32,TNBC
BIOKEY_16_Pre_GCTGGGTAGATGCCTT-1,BRCA_32,TNBC
BIOKEY_16_Pre_GGATGTTAGTGTTGAA-1,BRCA_32,TNBC
BIOKEY_16_Pre_GGGAGATGTAGAGGAA-1,BRCA_32,TNBC
BIOKEY_16_Pre_GTGGGTCTCCCAAGTA-1,BRCA_32,TNBC
BIOKEY_16_Pre_TAAACCGCAATAACGA-1,BRCA_32,TNBC
BIOKEY_16_Pre_TAGACCACAAGTCATC-1,BRCA_32,TNBC
BIOKEY_16_Pre_TAGGCATTCCAAGCCG-1,BRCA_32,TNBC
BIOKEY_16_Pre_TCCACACCAATGGACG-1,BRCA_32,TNBC
BIOKEY_16_Pre_TGCACCTTCCGTAGGC-1,BRCA_32,TNBC
BIOKEY_14_Pre_CACATTTAGACAATAC-1,BRCA_38,TNBC
BIOKEY_14_Pre_CCTTCCCCAATCAGAA-1,BRCA_38,TNBC
BIOKEY_14_Pre_TTGTAGGGTGGAAAGA-1,BRCA_38,TNBC
BIOKEY_19_Pre_CCAGCGATCAGCTCTC-1,BRCA_22,TNBC
BIOKEY_26_Pre_AAAGTAGCAATGAAAC-1,BRCA_9,TNBC
BIOKEY_26_Pre_AAAGTAGTCACGCGGT-1,BRCA_9,TNBC
BIOKEY_26_Pre_AAATGCCTCAGAGCTT-1,BRCA_9,TNBC
BIOKEY_26_Pre_AACCATGTCAGTTAGC-1,BRCA_9,TNBC
BIOKEY_26_Pre_AACGTTGAGGCTAGCA-1,BRCA_9,TNBC
BIOKEY_26_Pre_AACTCCCGTTAAGTAG-1,BRCA_9,TNBC
BIOKEY_26_Pre_AATCGGTCACCAGGTC-1,BRCA_9,TNBC
BIOKEY_26_Pre_ACGATGTAGTGCGTGA-1,BRCA_9,TNBC
BIOKEY_26_Pre_ACGATGTGTACTCTCC-1,BRCA_9,TNBC
BIOKEY_26_Pre_ACGGGCTAGAATGTGT-1,BRCA_9,TNBC
BIOKEY_26_Pre_AGATTGCTCCTCGCAT-1,BRCA_9,TNBC
BIOKEY_26_Pre_AGCAGCCCATCGGTTA-1,BRCA_9,TNBC
BIOKEY_26_Pre_AGCGTATTCACATACG-1,BRCA_9,TNBC
BIOKEY_26_Pre_AGGTCCGAGAGATGAG-1,BRCA_9,TNBC
BIOKEY_26_Pre_AGTCTTTTCGGATGTT-1,BRCA_9,TNBC
BIOKEY_26_Pre_AGTGAGGCAGTATCTG-1,BRCA_9,TNBC
BIOKEY_26_Pre_AGTTGGTAGAACAACT-1,BRCA_9,TNBC
BIOKEY_26_Pre_ATCATCTCAAGCTGTT-1,BRCA_9,TNBC
BIOKEY_26_Pre_ATCATGGGTACCGTTA-1,BRCA_9,TNBC
BIOKEY_26_Pre_ATGGGAGAGGCGACAT-1,BRCA_9,TNBC
BIOKEY_26_Pre_ATGGGAGGTACCATCA-1,BRCA_9,TNBC
BIOKEY_26_Pre_ATGTGTGGTTAAAGTG-1,BRCA_9,TNBC
BIOKEY_26_Pre_ATTTCTGTCTAACGGT-1,BRCA_9,TNBC
BIOKEY_26_Pre_ATTTCTGTCTTAACCT-1,BRCA_9,TNBC
BIOKEY_26_Pre_CAAGATCCAAGACACG-1,BRCA_9,TNBC
BIOKEY_26_Pre_CAAGGCCGTGTTAAGA-1,BRCA_9,TNBC
BIOKEY_26_Pre_CACACTCCATCCGCGA-1,BRCA_9,TNBC
BIOKEY_26_Pre_CACATAGGTCGCATCG-1,BRCA_9,TNBC
BIOKEY_26_Pre_CACTCCATCAGTTCGA-1,BRCA_9,TNBC
BIOKEY_26_Pre_CAGAATCTCGATGAGG-1,BRCA_9,TNBC
BIOKEY_26_Pre_CAGATCAGTACACCGC-1,BRCA_9,TNBC
BIOKEY_26_Pre_CAGGTGCAGGTGTTAA-1,BRCA_9,TNBC
BIOKEY_26_Pre_CATGCCTTCTCTGCTG-1,BRCA_9,TNBC
BIOKEY_26_Pre_CATGGCGTCCGATATG-1,BRCA_9,TNBC
BIOKEY_26_Pre_CATTATCTCAGTACGT-1,BRCA_9,TNBC
BIOKEY_26_Pre_CCGTTCACACTAAGTC-1,BRCA_9,TNBC
BIOKEY_26_Pre_CCGTTCATCAACCAAC-1,BRCA_9,TNBC
BIOKEY_26_Pre_CCTACACAGCAATATG-1,BRCA_9,TNBC
BIOKEY_26_Pre_CCTTCCCGTACCGGCT-1,BRCA_9,TNBC
BIOKEY_26_Pre_CGAGAAGGTTCCATGA-1,BRCA_9,TNBC
BIOKEY_26_Pre_CGGAGCTGTGGGTATG-1,BRCA_9,TNBC
BIOKEY_26_Pre_CGGGTCAGTACCCAAT-1,BRCA_9,TNBC
BIOKEY_26_Pre_CGTAGCGCATCGGAAG-1,BRCA_9,TNBC
BIOKEY_26_Pre_CGTTAGATCATCTGCC-1,BRCA_9,TNBC
BIOKEY_26_Pre_CTAATGGAGGACACCA-1,BRCA_9,TNBC
BIOKEY_26_Pre_CTCGTCAGTTCGTCTC-1,BRCA_9,TNBC
BIOKEY_26_Pre_CTGAAACCAAAGTGCG-1,BRCA_9,TNBC
BIOKEY_26_Pre_CTTTGCGTCACTGGGC-1,BRCA_9,TNBC
BIOKEY_26_Pre_GAAATGAGTAACGCGA-1,BRCA_9,TNBC
BIOKEY_26_Pre_GAACATCCACAACGCC-1,BRCA_9,TNBC
BIOKEY_26_Pre_GAACCTAAGCACACAG-1,BRCA_9,TNBC
BIOKEY_26_Pre_GACTAACCAGCTGCAC-1,BRCA_9,TNBC
BIOKEY_26_Pre_GATCAGTAGGCTATCT-1,BRCA_9,TNBC
BIOKEY_26_Pre_GATCGCGAGATCGGGT-1,BRCA_9,TNBC
BIOKEY_26_Pre_GATCGCGGTCCGTTAA-1,BRCA_9,TNBC
BIOKEY_26_Pre_GATGAAATCTACGAGT-1,BRCA_9,TNBC
BIOKEY_26_Pre_GCAATCACAGGCGATA-1,BRCA_9,TNBC
BIOKEY_26_Pre_GCAGCCACACTCAGGC-1,BRCA_9,TNBC
BIOKEY_26_Pre_GCATGATTCCCATTTA-1,BRCA_9,TNBC
BIOKEY_26_Pre_GCATGCGCATCGGACC-1,BRCA_9,TNBC
BIOKEY_26_Pre_GCATGCGTCACATAGC-1,BRCA_9,TNBC
BIOKEY_26_Pre_GCCTCTAAGTTAACGA-1,BRCA_9,TNBC
BIOKEY_26_Pre_GCGCAGTCAGTCCTTC-1,BRCA_9,TNBC
BIOKEY_26_Pre_GCGCCAAAGGCATGTG-1,BRCA_9,TNBC
BIOKEY_26_Pre_GCGCGATCAATGACCT-1,BRCA_9,TNBC
BIOKEY_26_Pre_GCTGGGTCATCACCCT-1,BRCA_9,TNBC
BIOKEY_26_Pre_GGAACTTTCGGAGCAA-1,BRCA_9,TNBC
BIOKEY_26_Pre_GGAATAATCAGTTTGG-1,BRCA_9,TNBC
BIOKEY_26_Pre_GGGACCTCACGTCAGC-1,BRCA_9,TNBC
BIOKEY_26_Pre_GGGCATCCAATAACGA-1,BRCA_9,TNBC
BIOKEY_26_Pre_GTAGGCCCAATCTACG-1,BRCA_9,TNBC
BIOKEY_26_Pre_GTAGTCATCGTGGACC-1,BRCA_9,TNBC
BIOKEY_26_Pre_GTATCTTCAATGTTGC-1,BRCA_9,TNBC
BIOKEY_26_Pre_GTATTCTCAATCCGAT-1,BRCA_9,TNBC
BIOKEY_26_Pre_GTCAAGTAGTTGTCGT-1,BRCA_9,TNBC
BIOKEY_26_Pre_GTGTTAGAGAGTGAGA-1,BRCA_9,TNBC
BIOKEY_26_Pre_GTTACAGTCCTCATTA-1,BRCA_9,TNBC
BIOKEY_26_Pre_TACAGTGGTTAGATGA-1,BRCA_9,TNBC
BIOKEY_26_Pre_TACCTATGTCGGCATC-1,BRCA_9,TNBC
BIOKEY_26_Pre_TACTTGTAGGCTCATT-1,BRCA_9,TNBC
BIOKEY_26_Pre_TAGGCATAGATGGGTC-1,BRCA_9,TNBC
BIOKEY_26_Pre_TATCAGGTCGAACGGA-1,BRCA_9,TNBC
BIOKEY_26_Pre_TCAACGAGTAATTGGA-1,BRCA_9,TNBC
BIOKEY_26_Pre_TCAATCTGTACTTAGC-1,BRCA_9,TNBC
BIOKEY_26_Pre_TCAGGTATCTGAAAGA-1,BRCA_9,TNBC
BIOKEY_26_Pre_TCGCGAGGTGTCCTCT-1,BRCA_9,TNBC
BIOKEY_26_Pre_TCGGTAACACGAAGCA-1,BRCA_9,TNBC
BIOKEY_26_Pre_TGACAACCATGTCGAT-1,BRCA_9,TNBC
BIOKEY_26_Pre_TGAGCCGGTACCGTAT-1,BRCA_9,TNBC
BIOKEY_26_Pre_TGAGGGAGTCCAGTGC-1,BRCA_9,TNBC
BIOKEY_26_Pre_TGCGCAGGTCCCTTGT-1,BRCA_9,TNBC
BIOKEY_26_Pre_TGCGTGGTCCATTCTA-1,BRCA_9,TNBC
BIOKEY_26_Pre_TGGTTCCGTCTGCGGT-1,BRCA_9,TNBC
BIOKEY_26_Pre_TGTTCCGTCTAACTTC-1,BRCA_9,TNBC
BIOKEY_26_Pre_TTCTACATCATGTCTT-1,BRCA_9,TNBC
BIOKEY_26_Pre_TTGAACGTCCTCAATT-1,BRCA_9,TNBC
BIOKEY_26_Pre_TTGACTTGTCCAGTAT-1,BRCA_9,TNBC
BIOKEY_26_Pre_TTTATGCCAATCGAAA-1,BRCA_9,TNBC
BIOKEY_3_Pre_ACTATCTTCATCGATG-1,BRCA_33,ER+
BIOKEY_3_Pre_CAGAATCAGGAGCGAG-1,BRCA_33,ER+
BIOKEY_3_Pre_CTGCTGTAGCGGATCA-1,BRCA_33,ER+
BIOKEY_3_Pre_GTCATTTAGACTACAA-1,BRCA_33,ER+
BIOKEY_3_Pre_GTGTTAGAGTATCTCG-1,BRCA_33,ER+
BIOKEY_3_Pre_TACTCGCCATGAGCGA-1,BRCA_33,ER+
BIOKEY_3_Pre_TAGACCAGTAGCCTCG-1,BRCA_33,ER+
BIOKEY_3_Pre_TGATTTCAGCGATGAC-1,BRCA_33,ER+
BIOKEY_15_Pre_AAGGCAGGTAGCTTGT-1,BRCA_14,TNBC
BIOKEY_15_Pre_AATCGGTGTTCGGCAC-1,BRCA_14,TNBC
BIOKEY_15_Pre_ACCCACTAGTTGAGAT-1,BRCA_14,TNBC
BIOKEY_15_Pre_ACTGCTCCATCGATGT-1,BRCA_14,TNBC
BIOKEY_15_Pre_AGAATAGAGTACGCCC-1,BRCA_14,TNBC
BIOKEY_15_Pre_AGAGCGAAGGCCGAAT-1,BRCA_14,TNBC
BIOKEY_15_Pre_AGAGCGAAGTGACATA-1,BRCA_14,TNBC
BIOKEY_15_Pre_AGCATACAGGGAACGG-1,BRCA_14,TNBC
BIOKEY_15_Pre_AGCGGTCTCTTCATGT-1,BRCA_14,TNBC
BIOKEY_15_Pre_AGCTTGATCTATCCCG-1,BRCA_14,TNBC
BIOKEY_15_Pre_AGGCCACAGTCAAGGC-1,BRCA_14,TNBC
BIOKEY_15_Pre_AGTCTTTAGATGTGTA-1,BRCA_14,TNBC
BIOKEY_15_Pre_AGTCTTTCACAAGCCC-1,BRCA_14,TNBC
BIOKEY_15_Pre_AGTTGGTAGTGGGCTA-1,BRCA_14,TNBC
BIOKEY_15_Pre_ATTACTCTCGTACCGG-1,BRCA_14,TNBC
BIOKEY_15_Pre_ATTGGACCAGTAGAGC-1,BRCA_14,TNBC
BIOKEY_15_Pre_CACATTTAGGAATGGA-1,BRCA_14,TNBC
BIOKEY_15_Pre_CAGCTAACACCACGTG-1,BRCA_14,TNBC
BIOKEY_15_Pre_CAGCTGGAGAAGGTGA-1,BRCA_14,TNBC
BIOKEY_15_Pre_CAGTAACCAGGATTGG-1,BRCA_14,TNBC
BIOKEY_15_Pre_CAGTCCTCAGATAATG-1,BRCA_14,TNBC
BIOKEY_15_Pre_CATATTCAGCCCAACC-1,BRCA_14,TNBC
BIOKEY_15_Pre_CCATTCGAGTGTACCT-1,BRCA_14,TNBC
BIOKEY_15_Pre_CCTACCATCCACTCCA-1,BRCA_14,TNBC
BIOKEY_15_Pre_CCTTCGATCAGTTGAC-1,BRCA_14,TNBC
BIOKEY_15_Pre_CGAGAAGCAAGCCGCT-1,BRCA_14,TNBC
BIOKEY_15_Pre_CGATGGCAGGTCGGAT-1,BRCA_14,TNBC
BIOKEY_15_Pre_CGCCAAGTCTTCTGGC-1,BRCA_14,TNBC
BIOKEY_15_Pre_CGCGTTTGTCTCTCTG-1,BRCA_14,TNBC
BIOKEY_15_Pre_CGGACGTGTTGTTTGG-1,BRCA_14,TNBC
BIOKEY_15_Pre_CGGAGTCCACGAGGTA-1,BRCA_14,TNBC
BIOKEY_15_Pre_CGGAGTCGTCGGCTCA-1,BRCA_14,TNBC
BIOKEY_15_Pre_CGGGTCATCTTGGGTA-1,BRCA_14,TNBC
BIOKEY_15_Pre_CGTCCATAGGGTATCG-1,BRCA_14,TNBC
BIOKEY_15_Pre_CTCATTATCTGCCAGG-1,BRCA_14,TNBC
BIOKEY_15_Pre_CTGATCCGTGTATGGG-1,BRCA_14,TNBC
BIOKEY_15_Pre_CTTCTCTAGATCCCAT-1,BRCA_14,TNBC
BIOKEY_15_Pre_GACTAACCATCACCCT-1,BRCA_14,TNBC
BIOKEY_15_Pre_GATCTAGAGGGTGTGT-1,BRCA_14,TNBC
BIOKEY_15_Pre_GCAGTTAAGACCTTTG-1,BRCA_14,TNBC
BIOKEY_15_Pre_GCATACATCCAGAAGG-1,BRCA_14,TNBC
BIOKEY_15_Pre_GCATGATTCTTAGAGC-1,BRCA_14,TNBC
BIOKEY_15_Pre_GCTCTGTCATGTTGAC-1,BRCA_14,TNBC
BIOKEY_15_Pre_GGAGCAAGTAGTACCT-1,BRCA_14,TNBC
BIOKEY_15_Pre_GGCAATTTCCTTGGTC-1,BRCA_14,TNBC
BIOKEY_15_Pre_GGGCACTCATCGACGC-1,BRCA_14,TNBC
BIOKEY_15_Pre_GGTGAAGTCATTGCGA-1,BRCA_14,TNBC
BIOKEY_15_Pre_GTAACGTAGCAATCTC-1,BRCA_14,TNBC
BIOKEY_15_Pre_GTATCTTGTCGAGATG-1,BRCA_14,TNBC
BIOKEY_15_Pre_GTCACAAGTCTCAACA-1,BRCA_14,TNBC
BIOKEY_15_Pre_GTCACGGGTAGCTTGT-1,BRCA_14,TNBC
BIOKEY_15_Pre_GTCTTCGGTTGAGGTG-1,BRCA_14,TNBC
BIOKEY_15_Pre_GTGCATAGTCAAACTC-1,BRCA_14,TNBC
BIOKEY_15_Pre_GTGCATAGTCAGATAA-1,BRCA_14,TNBC
BIOKEY_15_Pre_GTGCTTCTCGTCTGAA-1,BRCA_14,TNBC
BIOKEY_15_Pre_GTTACAGGTATAGGGC-1,BRCA_14,TNBC
BIOKEY_15_Pre_GTTCTCGTCCACGTTC-1,BRCA_14,TNBC
BIOKEY_15_Pre_TAAACCGCAGATCGGA-1,BRCA_14,TNBC
BIOKEY_15_Pre_TACTTACGTCAATACC-1,BRCA_14,TNBC
BIOKEY_15_Pre_TAGCCGGCAACACGCC-1,BRCA_14,TNBC
BIOKEY_15_Pre_TCAGATGCATCTACGA-1,BRCA_14,TNBC
BIOKEY_15_Pre_TCAGGATGTAGCGCAA-1,BRCA_14,TNBC
BIOKEY_15_Pre_TCAGGATTCGGATGTT-1,BRCA_14,TNBC
BIOKEY_15_Pre_TCTCTAACATACAGCT-1,BRCA_14,TNBC
BIOKEY_15_Pre_TCTGAGAGTTGCGTTA-1,BRCA_14,TNBC
BIOKEY_15_Pre_TGAAAGAGTCCGAATT-1,BRCA_14,TNBC
BIOKEY_15_Pre_TGAGCCGGTAGCGTGA-1,BRCA_14,TNBC
BIOKEY_15_Pre_TGAGGGATCGGCTTGG-1,BRCA_14,TNBC
BIOKEY_15_Pre_TGCACCTAGTCGAGTG-1,BRCA_14,TNBC
BIOKEY_15_Pre_TGCACCTGTGTCAATC-1,BRCA_14,TNBC
BIOKEY_15_Pre_TGCCCATTCTCACATT-1,BRCA_14,TNBC
BIOKEY_15_Pre_TGCTGCTAGACTGGGT-1,BRCA_14,TNBC
BIOKEY_15_Pre_TGGGAAGGTAGAGCTG-1,BRCA_14,TNBC
BIOKEY_15_Pre_TGGTTCCGTCGAGTTT-1,BRCA_14,TNBC
BIOKEY_15_Pre_TTAACTCGTGTCAATC-1,BRCA_14,TNBC
BIOKEY_15_Pre_TTAGTTCAGAGCTGCA-1,BRCA_14,TNBC
BIOKEY_15_Pre_TTCCCAGTCGCGTTTC-1,BRCA_14,TNBC
BIOKEY_15_Pre_TTGACTTTCACAGGCC-1,BRCA_14,TNBC
BIOKEY_15_Pre_TTTATGCAGATCCCGC-1,BRCA_14,TNBC
BIOKEY_15_Pre_TTTATGCGTCTAAACC-1,BRCA_14,TNBC
BIOKEY_15_Pre_TTTCCTCCAATGGACG-1,BRCA_14,TNBC
BIOKEY_15_Pre_TTTGTCAAGTGTACTC-1,BRCA_14,TNBC
BIOKEY_5_Pre_AAAGATGAGCTACCTA-1,BRCA_48,ER+
BIOKEY_5_Pre_CACACCTAGTGGGCTA-1,BRCA_48,ER+
BIOKEY_5_Pre_CAGAGAGCAGGTCCAC-1,BRCA_48,ER+
BIOKEY_5_Pre_CGCTATCAGTCGAGTG-1,BRCA_48,ER+
BIOKEY_5_Pre_CGTTGGGTCTCGTTTA-1,BRCA_48,ER+
BIOKEY_5_Pre_GGCGACTGTCATACTG-1,BRCA_48,ER+
BIOKEY_5_Pre_GGGCACTCAGCGAACA-1,BRCA_48,ER+
BIOKEY_5_Pre_GTCGGGTTCATGTAGC-1,BRCA_48,ER+
BIOKEY_5_Pre_TGTATTCGTAAGGGCT-1,BRCA_48,ER+
BIOKEY_5_Pre_TTAGTTCTCACGAAGG-1,BRCA_48,ER+
BIOKEY_30_Pre_AACCATGCACATGACT-1,BRCA_2,ER+
BIOKEY_30_Pre_AACCATGGTTGTGGAG-1,BRCA_2,ER+
BIOKEY_30_Pre_AACTCTTTCAACACTG-1,BRCA_2,ER+
BIOKEY_30_Pre_AAGGTTCCATGCAATC-1,BRCA_2,ER+
BIOKEY_30_Pre_AAGTCTGGTCGCATCG-1,BRCA_2,ER+
BIOKEY_30_Pre_ACACCCTCATCAGTCA-1,BRCA_2,ER+
BIOKEY_30_Pre_ACACCGGAGGTCATCT-1,BRCA_2,ER+
BIOKEY_30_Pre_ACACTGACATTCACTT-1,BRCA_2,ER+
BIOKEY_30_Pre_ACAGCCGTCACCTCGT-1,BRCA_2,ER+
BIOKEY_30_Pre_ACATACGAGTCGAGTG-1,BRCA_2,ER+
BIOKEY_30_Pre_ACCTTTATCTCTTGAT-1,BRCA_2,ER+
BIOKEY_30_Pre_ACGCCAGGTGTTTGTG-1,BRCA_2,ER+
BIOKEY_30_Pre_ACTATCTTCGGGAGTA-1,BRCA_2,ER+
BIOKEY_30_Pre_ACTGTCCAGTGTCCCG-1,BRCA_2,ER+
BIOKEY_30_Pre_AGAATAGCACTTCTGC-1,BRCA_2,ER+
BIOKEY_30_Pre_AGACGTTTCTGGTATG-1,BRCA_2,ER+
BIOKEY_30_Pre_AGAGCTTTCTGCCAGG-1,BRCA_2,ER+
BIOKEY_30_Pre_AGCTCCTAGGAATCGC-1,BRCA_2,ER+
BIOKEY_30_Pre_AGTGTCAAGTACGACG-1,BRCA_2,ER+
BIOKEY_30_Pre_ATAACGCGTTACTGAC-1,BRCA_2,ER+
BIOKEY_30_Pre_ATGTGTGTCTCAAGTG-1,BRCA_2,ER+
BIOKEY_30_Pre_ATTACTCAGCAGACTG-1,BRCA_2,ER+
BIOKEY_30_Pre_ATTTCTGGTGTTCGAT-1,BRCA_2,ER+
BIOKEY_30_Pre_CAGCTAACACCGGAAA-1,BRCA_2,ER+
BIOKEY_30_Pre_CATATGGCATACGCCG-1,BRCA_2,ER+
BIOKEY_30_Pre_CATCAAGGTACGACCC-1,BRCA_2,ER+
BIOKEY_30_Pre_CATCGAAAGACTAGGC-1,BRCA_2,ER+
BIOKEY_30_Pre_CATGCCTTCCTTTCTC-1,BRCA_2,ER+
BIOKEY_30_Pre_CCGTGGAAGGAATCGC-1,BRCA_2,ER+
BIOKEY_30_Pre_CCTAGCTGTACGCACC-1,BRCA_2,ER+
BIOKEY_30_Pre_CGCTGGAAGCCCAGCT-1,BRCA_2,ER+
BIOKEY_30_Pre_CGGACGTAGATGGCGT-1,BRCA_2,ER+
BIOKEY_30_Pre_CGGACTGGTGTGGTTT-1,BRCA_2,ER+
BIOKEY_30_Pre_CGGAGTCTCCATGAGT-1,BRCA_2,ER+
BIOKEY_30_Pre_CGGGTCACAATAGAGT-1,BRCA_2,ER+
BIOKEY_30_Pre_CGTCAGGTCTAGCACA-1,BRCA_2,ER+
BIOKEY_30_Pre_CGTCCATAGTGCGATG-1,BRCA_2,ER+
BIOKEY_30_Pre_CTCATTAGTAAATACG-1,BRCA_2,ER+
BIOKEY_30_Pre_CTCATTATCCCTCAGT-1,BRCA_2,ER+
BIOKEY_30_Pre_CTCGAGGGTAGGACAC-1,BRCA_2,ER+
BIOKEY_30_Pre_CTCGTCAGTTGAACTC-1,BRCA_2,ER+
BIOKEY_30_Pre_CTGATCCCACTGTCGG-1,BRCA_2,ER+
BIOKEY_30_Pre_CTTACCGAGGGCTTCC-1,BRCA_2,ER+
BIOKEY_30_Pre_GACTGCGCATGCCCGA-1,BRCA_2,ER+
BIOKEY_30_Pre_GATCAGTCATTCTTAC-1,BRCA_2,ER+
BIOKEY_30_Pre_GATCTAGAGAGGACGG-1,BRCA_2,ER+
BIOKEY_30_Pre_GATCTAGGTTGTCGCG-1,BRCA_2,ER+
BIOKEY_30_Pre_GCAGCCAGTTCGTTGA-1,BRCA_2,ER+
BIOKEY_30_Pre_GCATGATGTTATTCTC-1,BRCA_2,ER+
BIOKEY_30_Pre_GCATGTAGTTTGGGCC-1,BRCA_2,ER+
BIOKEY_30_Pre_GCGCAGTGTCCTCTTG-1,BRCA_2,ER+
BIOKEY_30_Pre_GCTGCAGAGCTGGAAC-1,BRCA_2,ER+
BIOKEY_30_Pre_GGCGACTTCTCTTGAT-1,BRCA_2,ER+
BIOKEY_30_Pre_GGTGAAGAGACTCGGA-1,BRCA_2,ER+
BIOKEY_30_Pre_GTCCTCAAGAATGTTG-1,BRCA_2,ER+
BIOKEY_30_Pre_GTGGGTCAGACTGGGT-1,BRCA_2,ER+
BIOKEY_30_Pre_GTGTGCGTCCCTAATT-1,BRCA_2,ER+
BIOKEY_30_Pre_GTTCGGGCAACAACCT-1,BRCA_2,ER+
BIOKEY_30_Pre_TAAGCGTTCGTCGTTC-1,BRCA_2,ER+
BIOKEY_30_Pre_TACGGATGTATTACCG-1,BRCA_2,ER+
BIOKEY_30_Pre_TATCAGGTCGTTTAGG-1,BRCA_2,ER+
BIOKEY_30_Pre_TATCTCAGTCTGGTCG-1,BRCA_2,ER+
BIOKEY_30_Pre_TATGCCCAGTGGGCTA-1,BRCA_2,ER+
BIOKEY_30_Pre_TATGCCCGTCATGCAT-1,BRCA_2,ER+
BIOKEY_30_Pre_TCAGGATGTAGGCATG-1,BRCA_2,ER+
BIOKEY_30_Pre_TCAGGTACAAAGCAAT-1,BRCA_2,ER+
BIOKEY_30_Pre_TCATTTGAGATGCGAC-1,BRCA_2,ER+
BIOKEY_30_Pre_TCATTTGGTTCGTGAT-1,BRCA_2,ER+
BIOKEY_30_Pre_TCCCGATGTACAGCAG-1,BRCA_2,ER+
BIOKEY_30_Pre_TCGTACCAGTGAACGC-1,BRCA_2,ER+
BIOKEY_30_Pre_TCTGAGACAAGTTGTC-1,BRCA_2,ER+
BIOKEY_30_Pre_TGACGGCCAAATCCGT-1,BRCA_2,ER+
BIOKEY_30_Pre_TGACGGCTCAAACAAG-1,BRCA_2,ER+
BIOKEY_30_Pre_TGAGAGGTCTGCAGTA-1,BRCA_2,ER+
BIOKEY_30_Pre_TGAGCATAGTGACATA-1,BRCA_2,ER+
BIOKEY_30_Pre_TGCGTGGGTCCAGTGC-1,BRCA_2,ER+
BIOKEY_30_Pre_TGCGTGGGTTCCACGG-1,BRCA_2,ER+
BIOKEY_30_Pre_TGGCTGGAGGGCACTA-1,BRCA_2,ER+
BIOKEY_30_Pre_TTCTACATCAACGGCC-1,BRCA_2,ER+
BIOKEY_30_Pre_TTGGCAAGTCGAACAG-1,BRCA_2,ER+
BIOKEY_12_Pre_AAAGCAAGTTAAAGAC-1,BRCA_10,ER+
BIOKEY_12_Pre_AAGACCTAGGCATTGG-1,BRCA_10,ER+
BIOKEY_12_Pre_ACACCCTAGTAGCGGT-1,BRCA_10,ER+
BIOKEY_12_Pre_ACACCCTCACTGTCGG-1,BRCA_10,ER+
BIOKEY_12_Pre_ACCCACTAGCCGGTAA-1,BRCA_10,ER+
BIOKEY_12_Pre_ACGATACCACCATGTA-1,BRCA_10,ER+
BIOKEY_12_Pre_ACTGAACCACGCGAAA-1,BRCA_10,ER+
BIOKEY_12_Pre_ACTGAGTAGCGCTTAT-1,BRCA_10,ER+
BIOKEY_12_Pre_AGAATAGGTACATGTC-1,BRCA_10,ER+
BIOKEY_12_Pre_AGAGTGGTCACAGTAC-1,BRCA_10,ER+
BIOKEY_12_Pre_AGCTCTCAGCTAGCCC-1,BRCA_10,ER+
BIOKEY_12_Pre_AGGCCACAGACCCACC-1,BRCA_10,ER+
BIOKEY_12_Pre_AGGGTGAGTATCGCAT-1,BRCA_10,ER+
BIOKEY_12_Pre_ATAACGCCACCGAATT-1,BRCA_10,ER+
BIOKEY_12_Pre_ATAACGCGTCAGCTAT-1,BRCA_10,ER+
BIOKEY_12_Pre_ATCATCTAGACCTAGG-1,BRCA_10,ER+
BIOKEY_12_Pre_CAACCAAGTCAAAGAT-1,BRCA_10,ER+
BIOKEY_12_Pre_CACTCCACACACTGCG-1,BRCA_10,ER+
BIOKEY_12_Pre_CCTAGCTCACAGGCCT-1,BRCA_10,ER+
BIOKEY_12_Pre_CCTAGCTCAGCTGCAC-1,BRCA_10,ER+
BIOKEY_12_Pre_CGACTTCGTCTCTTTA-1,BRCA_10,ER+
BIOKEY_12_Pre_CGAGAAGCAAGTACCT-1,BRCA_10,ER+
BIOKEY_12_Pre_CGAGAAGTCACCCGAG-1,BRCA_10,ER+
BIOKEY_12_Pre_CGATGGCCAGACAGGT-1,BRCA_10,ER+
BIOKEY_12_Pre_CGCCAAGAGACCTTTG-1,BRCA_10,ER+
BIOKEY_12_Pre_CGCGGTAGTTACTGAC-1,BRCA_10,ER+
BIOKEY_12_Pre_CGCGTTTTCAAGGCTT-1,BRCA_10,ER+
BIOKEY_12_Pre_CGCTTCAAGGTGATAT-1,BRCA_10,ER+
BIOKEY_12_Pre_CGCTTCACAGACGCCT-1,BRCA_10,ER+
BIOKEY_12_Pre_CGGCTAGAGAAGGTTT-1,BRCA_10,ER+
BIOKEY_12_Pre_CTAACTTGTTACGGAG-1,BRCA_10,ER+
BIOKEY_12_Pre_CTACATTTCTGATACG-1,BRCA_10,ER+
BIOKEY_12_Pre_CTCCTAGTCTGGTATG-1,BRCA_10,ER+
BIOKEY_12_Pre_CTCTAATTCTCGATGA-1,BRCA_10,ER+
BIOKEY_12_Pre_CTCTACGCACGAAACG-1,BRCA_10,ER+
BIOKEY_12_Pre_CTGAAGTTCTGGCGAC-1,BRCA_10,ER+
BIOKEY_12_Pre_CTGATAGTCAGATAAG-1,BRCA_10,ER+
BIOKEY_12_Pre_CTTAGGATCGCCAGCA-1,BRCA_10,ER+
BIOKEY_12_Pre_GAAGCAGCAAACCCAT-1,BRCA_10,ER+
BIOKEY_12_Pre_GACCAATAGTGAACGC-1,BRCA_10,ER+
BIOKEY_12_Pre_GACGTGCCATTAGCCA-1,BRCA_10,ER+
BIOKEY_12_Pre_GACGTTAGTCGAGATG-1,BRCA_10,ER+
BIOKEY_12_Pre_GACTACATCTGATTCT-1,BRCA_10,ER+
BIOKEY_12_Pre_GATGAGGAGCGTCTAT-1,BRCA_10,ER+
BIOKEY_12_Pre_GCACATAAGTCCAGGA-1,BRCA_10,ER+
BIOKEY_12_Pre_GCATACATCGGCTACG-1,BRCA_10,ER+
BIOKEY_12_Pre_GCGAGAATCCTGTAGA-1,BRCA_10,ER+
BIOKEY_12_Pre_GCGGGTTCACCTCGGA-1,BRCA_10,ER+
BIOKEY_12_Pre_GCTCTGTGTGTATGGG-1,BRCA_10,ER+
BIOKEY_12_Pre_GGCCGATTCAAGCCTA-1,BRCA_10,ER+
BIOKEY_12_Pre_GGCGACTAGCTGCAAG-1,BRCA_10,ER+
BIOKEY_12_Pre_GGCTCGAAGGCATTGG-1,BRCA_10,ER+
BIOKEY_12_Pre_GTATTCTTCAGGTAAA-1,BRCA_10,ER+
BIOKEY_12_Pre_GTCACGGAGGCTACGA-1,BRCA_10,ER+
BIOKEY_12_Pre_GTCACGGCACCTATCC-1,BRCA_10,ER+
BIOKEY_12_Pre_GTCCTCAAGTGTTGAA-1,BRCA_10,ER+
BIOKEY_12_Pre_GTCTCGTTCCTCAACC-1,BRCA_10,ER+
BIOKEY_12_Pre_GTGCATAGTGGGTATG-1,BRCA_10,ER+
BIOKEY_12_Pre_TACGGATTCAGTTTGG-1,BRCA_10,ER+
BIOKEY_12_Pre_TACTCGCAGGGATACC-1,BRCA_10,ER+
BIOKEY_12_Pre_TATCAGGAGGCTACGA-1,BRCA_10,ER+
BIOKEY_12_Pre_TCAGATGAGATGCGAC-1,BRCA_10,ER+
BIOKEY_12_Pre_TCAGCAAAGCGCCTCA-1,BRCA_10,ER+
BIOKEY_12_Pre_TCAGCAACATATACGC-1,BRCA_10,ER+
BIOKEY_12_Pre_TCGAGGCAGAGGGCTT-1,BRCA_10,ER+
BIOKEY_12_Pre_TGACAACGTTCGCGAC-1,BRCA_10,ER+
BIOKEY_12_Pre_TGCACCTCAGATTGCT-1,BRCA_10,ER+
BIOKEY_12_Pre_TGCCCATAGCCAGTAG-1,BRCA_10,ER+
BIOKEY_12_Pre_TGCGTGGTCCACTGGG-1,BRCA_10,ER+
BIOKEY_12_Pre_TGCTGCTAGAGACTAT-1,BRCA_10,ER+
BIOKEY_12_Pre_TGGACGCGTCTCTCGT-1,BRCA_10,ER+
BIOKEY_12_Pre_TTCTTAGAGCACACAG-1,BRCA_10,ER+
BIOKEY_12_Pre_TTGCCGTGTACCGTAT-1,BRCA_10,ER+
BIOKEY_1_Pre_AAATGCCCATTATCTC-1,BRCA_19,TNBC
BIOKEY_1_Pre_AACTGGTAGGGAAACA-1,BRCA_19,TNBC
BIOKEY_1_Pre_ACGGCCAGTCATATGC-1,BRCA_19,TNBC
BIOKEY_1_Pre_ACTATCTAGTGGAGAA-1,BRCA_19,TNBC
BIOKEY_1_Pre_ACTATCTGTGAAAGAG-1,BRCA_19,TNBC
BIOKEY_1_Pre_ACTTGTTGTCTCTCTG-1,BRCA_19,TNBC
BIOKEY_1_Pre_AGGCCACCAAGTACCT-1,BRCA_19,TNBC
BIOKEY_1_Pre_AGGCCACCATTTGCCC-1,BRCA_19,TNBC
BIOKEY_1_Pre_ATCTGCCGTTACGACT-1,BRCA_19,TNBC
BIOKEY_1_Pre_ATTACTCCATGGAATA-1,BRCA_19,TNBC
BIOKEY_1_Pre_CAACCTCGTGTGTGCC-1,BRCA_19,TNBC
BIOKEY_1_Pre_CAAGTTGTCAAGAAGT-1,BRCA_19,TNBC
BIOKEY_1_Pre_CACAAACCACAACGTT-1,BRCA_19,TNBC
BIOKEY_1_Pre_CAGAATCCATGCGCAC-1,BRCA_19,TNBC
BIOKEY_1_Pre_CAGCAGCGTACCTACA-1,BRCA_19,TNBC
BIOKEY_1_Pre_CAGCGACCAGGATCGA-1,BRCA_19,TNBC
BIOKEY_1_Pre_CAGCTAACAAGCGAGT-1,BRCA_19,TNBC
BIOKEY_1_Pre_CAGTAACAGTGATCGG-1,BRCA_19,TNBC
BIOKEY_1_Pre_CCGGGATAGACAAGCC-1,BRCA_19,TNBC
BIOKEY_1_Pre_CCGGGATCACTTCTGC-1,BRCA_19,TNBC
BIOKEY_1_Pre_CCTCTGATCATTGCGA-1,BRCA_19,TNBC
BIOKEY_1_Pre_CCTTTCTCAAGGCTCC-1,BRCA_19,TNBC
BIOKEY_1_Pre_CGCGGTACACGCGAAA-1,BRCA_19,TNBC
BIOKEY_1_Pre_CGGCTAGAGTGCCAGA-1,BRCA_19,TNBC
BIOKEY_1_Pre_CGTGTAATCAACGGGA-1,BRCA_19,TNBC
BIOKEY_1_Pre_CGTTGGGGTAGAGGAA-1,BRCA_19,TNBC
BIOKEY_1_Pre_CTAGCCTCATAAAGGT-1,BRCA_19,TNBC
BIOKEY_1_Pre_CTCGAGGCAATAACGA-1,BRCA_19,TNBC
BIOKEY_1_Pre_CTCTAATTCTGTCCGT-1,BRCA_19,TNBC
BIOKEY_1_Pre_GAATGAAGTTTGTTGG-1,BRCA_19,TNBC
BIOKEY_1_Pre_GACGCGTGTAGCTTGT-1,BRCA_19,TNBC
BIOKEY_1_Pre_GACTGCGAGTATGACA-1,BRCA_19,TNBC
BIOKEY_1_Pre_GATCGTATCTTACCGC-1,BRCA_19,TNBC
BIOKEY_1_Pre_GCAATCAAGCTACCGC-1,BRCA_19,TNBC
BIOKEY_1_Pre_GCTGCAGGTAATCACC-1,BRCA_19,TNBC
BIOKEY_1_Pre_GGGCACTCATGCAACT-1,BRCA_19,TNBC
BIOKEY_1_Pre_GTACGTAAGTACACCT-1,BRCA_19,TNBC
BIOKEY_1_Pre_GTCGGGTAGGGTGTGT-1,BRCA_19,TNBC
BIOKEY_1_Pre_GTGCGGTGTCTCCCTA-1,BRCA_19,TNBC
BIOKEY_1_Pre_TCAATCTGTGTGAAAT-1,BRCA_19,TNBC
BIOKEY_1_Pre_TCAGATGGTTATCGGT-1,BRCA_19,TNBC
BIOKEY_1_Pre_TCAGGATAGCCTTGAT-1,BRCA_19,TNBC
BIOKEY_1_Pre_TCCACACAGGATGGTC-1,BRCA_19,TNBC
BIOKEY_1_Pre_TCGCGTTTCGTAGGAG-1,BRCA_19,TNBC
BIOKEY_1_Pre_TCGGGACTCATAACCG-1,BRCA_19,TNBC
BIOKEY_1_Pre_TCGGTAACACCCATTC-1,BRCA_19,TNBC
BIOKEY_1_Pre_TCTCTAAAGAACAACT-1,BRCA_19,TNBC
BIOKEY_1_Pre_TGCCCATAGAAGGTGA-1,BRCA_19,TNBC
BIOKEY_1_Pre_TGCGGGTTCTTCTGGC-1,BRCA_19,TNBC
BIOKEY_1_Pre_TTCGAAGCAGGGAGAG-1,BRCA_19,TNBC
BIOKEY_1_Pre_TTGACTTCACCGCTAG-1,BRCA_19,TNBC
BIOKEY_1_Pre_TTGTAGGTCGGACAAG-1,BRCA_19,TNBC
BIOKEY_1_Pre_TTTATGCGTTCCACGG-1,BRCA_19,TNBC
BIOKEY_31_Pre_AAACCTGCACCTCGGA-1,BRCA_6,TNBC
BIOKEY_31_Pre_AAAGTAGTCCGATATG-1,BRCA_6,TNBC
BIOKEY_31_Pre_AACACGTTCATTTGGG-1,BRCA_6,TNBC
BIOKEY_31_Pre_AACCATGGTGAGCGAT-1,BRCA_6,TNBC
BIOKEY_31_Pre_AACTCCCGTCTAGCGC-1,BRCA_6,TNBC
BIOKEY_31_Pre_AACTTTCGTGTGAAAT-1,BRCA_6,TNBC
BIOKEY_31_Pre_AAGGCAGCAGATCGGA-1,BRCA_6,TNBC
BIOKEY_31_Pre_ACACCAAAGAGTCGGT-1,BRCA_6,TNBC
BIOKEY_31_Pre_ACACCAATCTACGAGT-1,BRCA_6,TNBC
BIOKEY_31_Pre_ACATGGTGTTGATTCG-1,BRCA_6,TNBC
BIOKEY_31_Pre_ACCGTAAGTTGAGTTC-1,BRCA_6,TNBC
BIOKEY_31_Pre_ACCTTTACACCAGATT-1,BRCA_6,TNBC
BIOKEY_31_Pre_ACGAGGAGTCTAGGTT-1,BRCA_6,TNBC
BIOKEY_31_Pre_ACGCCAGTCCATTCTA-1,BRCA_6,TNBC
BIOKEY_31_Pre_ACGGGCTGTGCGGTAA-1,BRCA_6,TNBC
BIOKEY_31_Pre_ACGGGTCGTAAGAGAG-1,BRCA_6,TNBC
BIOKEY_31_Pre_ACTATCTAGATAGGAG-1,BRCA_6,TNBC
BIOKEY_31_Pre_ACTGATGAGCTAGCCC-1,BRCA_6,TNBC
BIOKEY_31_Pre_ACTGCTCAGCCACGTC-1,BRCA_6,TNBC
BIOKEY_31_Pre_ACTTACTCATCCCACT-1,BRCA_6,TNBC
BIOKEY_31_Pre_AGAGCGATCCTGTACC-1,BRCA_6,TNBC
BIOKEY_31_Pre_AGCATACTCAGCAACT-1,BRCA_6,TNBC
BIOKEY_31_Pre_AGCGGTCGTCTGCGGT-1,BRCA_6,TNBC
BIOKEY_31_Pre_AGCTTGAGTAGCTCCG-1,BRCA_6,TNBC
BIOKEY_31_Pre_AGGGATGAGCAATCTC-1,BRCA_6,TNBC
BIOKEY_31_Pre_AGGTCCGGTCTTGTCC-1,BRCA_6,TNBC
BIOKEY_31_Pre_AGGTCCGTCTGCGTAA-1,BRCA_6,TNBC
BIOKEY_31_Pre_AGTGAGGGTTATCACG-1,BRCA_6,TNBC
BIOKEY_31_Pre_AGTGTCACACTGTTAG-1,BRCA_6,TNBC
BIOKEY_31_Pre_ATCATGGCATAGAAAC-1,BRCA_6,TNBC
BIOKEY_31_Pre_ATTATCCTCACCTCGT-1,BRCA_6,TNBC
BIOKEY_31_Pre_ATTCTACAGAGACGAA-1,BRCA_6,TNBC
BIOKEY_31_Pre_ATTGGACTCTGTCTCG-1,BRCA_6,TNBC
BIOKEY_31_Pre_CAACCTCAGAGTAAGG-1,BRCA_6,TNBC
BIOKEY_31_Pre_CAACTAGCAGTCCTTC-1,BRCA_6,TNBC
BIOKEY_31_Pre_CAGAGAGAGGGTCGAT-1,BRCA_6,TNBC
BIOKEY_31_Pre_CAGATCACACGGTAGA-1,BRCA_6,TNBC
BIOKEY_31_Pre_CAGCAGCCATATGAGA-1,BRCA_6,TNBC
BIOKEY_31_Pre_CATCAGAGTATCGCAT-1,BRCA_6,TNBC
BIOKEY_31_Pre_CATTCGCTCACCCGAG-1,BRCA_6,TNBC
BIOKEY_31_Pre_CCACCTACACCATCCT-1,BRCA_6,TNBC
BIOKEY_31_Pre_CCACGGATCCACTGGG-1,BRCA_6,TNBC
BIOKEY_31_Pre_CCACTACGTCGAGATG-1,BRCA_6,TNBC
BIOKEY_31_Pre_CCCAGTTCAGCAGTTT-1,BRCA_6,TNBC
BIOKEY_31_Pre_CCGGGATAGATCGATA-1,BRCA_6,TNBC
BIOKEY_31_Pre_CCGGGATCAGACGCAA-1,BRCA_6,TNBC
BIOKEY_31_Pre_CCTACCAGTCATGCCG-1,BRCA_6,TNBC
BIOKEY_31_Pre_CCTACCATCCAAACTG-1,BRCA_6,TNBC
BIOKEY_31_Pre_CCTATTAAGTCTTGCA-1,BRCA_6,TNBC
BIOKEY_31_Pre_CCTCAGTGTAGTACCT-1,BRCA_6,TNBC
BIOKEY_31_Pre_CGAGCACTCCTTTCGG-1,BRCA_6,TNBC
BIOKEY_31_Pre_CGAGCCAGTATTCGTG-1,BRCA_6,TNBC
BIOKEY_31_Pre_CGATTGAGTCGCCATG-1,BRCA_6,TNBC
BIOKEY_31_Pre_CGCCAAGCACACGCTG-1,BRCA_6,TNBC
BIOKEY_31_Pre_CGCGTTTGTGGCCCTA-1,BRCA_6,TNBC
BIOKEY_31_Pre_CGCGTTTTCTAACTGG-1,BRCA_6,TNBC
BIOKEY_31_Pre_CGGACGTCAATAGAGT-1,BRCA_6,TNBC
BIOKEY_31_Pre_CGGTTAACAATAAGCA-1,BRCA_6,TNBC
BIOKEY_31_Pre_CGGTTAACACATTAGC-1,BRCA_6,TNBC
BIOKEY_31_Pre_CGTAGGCAGTGCTGCC-1,BRCA_6,TNBC
BIOKEY_31_Pre_CGTAGGCGTTTGGCGC-1,BRCA_6,TNBC
BIOKEY_31_Pre_CGTCCATTCCCAACGG-1,BRCA_6,TNBC
BIOKEY_31_Pre_CGTCTACAGACATAAC-1,BRCA_6,TNBC
BIOKEY_31_Pre_CTACACCGTCCGTGAC-1,BRCA_6,TNBC
BIOKEY_31_Pre_CTACCCACAAAGTCAA-1,BRCA_6,TNBC
BIOKEY_31_Pre_CTCGTCAGTGTGGTTT-1,BRCA_6,TNBC
BIOKEY_31_Pre_CTCTGGTTCCTTAATC-1,BRCA_6,TNBC
BIOKEY_31_Pre_CTGAAGTTCGGATGGA-1,BRCA_6,TNBC
BIOKEY_31_Pre_CTGCCTATCTGCTGTC-1,BRCA_6,TNBC
BIOKEY_31_Pre_CTGTGCTAGTACACCT-1,BRCA_6,TNBC
BIOKEY_31_Pre_CTGTGCTAGTCCATAC-1,BRCA_6,TNBC
BIOKEY_31_Pre_CTTACCGGTCATTAGC-1,BRCA_6,TNBC
BIOKEY_31_Pre_CTTTGCGAGTGATCGG-1,BRCA_6,TNBC
BIOKEY_31_Pre_GAATGAATCTACTCAT-1,BRCA_6,TNBC
BIOKEY_31_Pre_GACCTGGTCAGCTTAG-1,BRCA_6,TNBC
BIOKEY_31_Pre_GACGCGTCAATGACCT-1,BRCA_6,TNBC
BIOKEY_31_Pre_GACGCGTTCCCTCTTT-1,BRCA_6,TNBC
BIOKEY_31_Pre_GATCGCGGTTGAACTC-1,BRCA_6,TNBC
BIOKEY_31_Pre_GATCTAGGTCAATGTC-1,BRCA_6,TNBC
BIOKEY_31_Pre_GATGAGGGTCAGAATA-1,BRCA_6,TNBC
BIOKEY_31_Pre_GCAATCACACGCCAGT-1,BRCA_6,TNBC
BIOKEY_31_Pre_GCAATCACATCGGAAG-1,BRCA_6,TNBC
BIOKEY_31_Pre_GCAGCCAAGATATGGT-1,BRCA_6,TNBC
BIOKEY_31_Pre_GCATGATTCACAAACC-1,BRCA_6,TNBC
BIOKEY_31_Pre_GCATGATTCAGTACGT-1,BRCA_6,TNBC
BIOKEY_31_Pre_GCATGCGAGGAGTTGC-1,BRCA_6,TNBC
BIOKEY_31_Pre_GCGACCATCCTAGAAC-1,BRCA_6,TNBC
BIOKEY_31_Pre_GCGAGAATCGCCAGCA-1,BRCA_6,TNBC
BIOKEY_31_Pre_GCGCCAACAGTAACGG-1,BRCA_6,TNBC
BIOKEY_31_Pre_GCTGCGAGTTACAGAA-1,BRCA_6,TNBC
BIOKEY_31_Pre_GCTGCTTTCAGAGACG-1,BRCA_6,TNBC
BIOKEY_31_Pre_GCTTGAAGTTGATTGC-1,BRCA_6,TNBC
BIOKEY_31_Pre_GGAAAGCGTAAGGGCT-1,BRCA_6,TNBC
BIOKEY_31_Pre_GGATTACAGGGTATCG-1,BRCA_6,TNBC
BIOKEY_31_Pre_GGCGTGTTCTTATCTG-1,BRCA_6,TNBC
BIOKEY_31_Pre_GGTATTGCAACGCACC-1,BRCA_6,TNBC
BIOKEY_31_Pre_GGTGAAGGTAAACACA-1,BRCA_6,TNBC
BIOKEY_31_Pre_GTAACTGCAAGCCGTC-1,BRCA_6,TNBC
BIOKEY_31_Pre_GTAACTGCATGGGACA-1,BRCA_6,TNBC
BIOKEY_31_Pre_GTACTCCGTCCTGCTT-1,BRCA_6,TNBC
BIOKEY_31_Pre_GTAGTCATCTTAGAGC-1,BRCA_6,TNBC
BIOKEY_31_Pre_GTATCTTCAGCTCCGA-1,BRCA_6,TNBC
BIOKEY_31_Pre_GTATTCTGTGGGTATG-1,BRCA_6,TNBC
BIOKEY_31_Pre_GTCTTCGGTCAATGTC-1,BRCA_6,TNBC
BIOKEY_31_Pre_GTGAAGGTCTCCAACC-1,BRCA_6,TNBC
BIOKEY_31_Pre_GTGGGTCGTAAGGGAA-1,BRCA_6,TNBC
BIOKEY_31_Pre_GTTAAGCCAATCTGCA-1,BRCA_6,TNBC
BIOKEY_31_Pre_GTTCATTAGGCTCAGA-1,BRCA_6,TNBC
BIOKEY_31_Pre_TAAGAGACAATCGGTT-1,BRCA_6,TNBC
BIOKEY_31_Pre_TACACGAGTGCCTGCA-1,BRCA_6,TNBC
BIOKEY_31_Pre_TACCTTAAGCCCAATT-1,BRCA_6,TNBC
BIOKEY_31_Pre_TACGGGCGTGAACCTT-1,BRCA_6,TNBC
BIOKEY_31_Pre_TACGGTAGTAAGAGGA-1,BRCA_6,TNBC
BIOKEY_31_Pre_TACTCATAGCACCGCT-1,BRCA_6,TNBC
BIOKEY_31_Pre_TACTTGTAGATCGGGT-1,BRCA_6,TNBC
BIOKEY_31_Pre_TAGTGGTCAAGCTGGA-1,BRCA_6,TNBC
BIOKEY_31_Pre_TATGCCCTCAGGCAAG-1,BRCA_6,TNBC
BIOKEY_31_Pre_TCAATCTGTGAGGGAG-1,BRCA_6,TNBC
BIOKEY_31_Pre_TCACGAAAGGCTACGA-1,BRCA_6,TNBC
BIOKEY_31_Pre_TCAGCAACATCGTCGG-1,BRCA_6,TNBC
BIOKEY_31_Pre_TCATTTGCAAGTAGTA-1,BRCA_6,TNBC
BIOKEY_31_Pre_TCATTTGGTATTCGTG-1,BRCA_6,TNBC
BIOKEY_31_Pre_TCTCATATCTGTTTGT-1,BRCA_6,TNBC
BIOKEY_31_Pre_TCTTCGGCAGCGTCCA-1,BRCA_6,TNBC
BIOKEY_31_Pre_TGAAAGACACCCAGTG-1,BRCA_6,TNBC
BIOKEY_31_Pre_TGAAAGAGTGCTGTAT-1,BRCA_6,TNBC
BIOKEY_31_Pre_TGATTTCGTCTGCAAT-1,BRCA_6,TNBC
BIOKEY_31_Pre_TGCCCTAAGCGCCTTG-1,BRCA_6,TNBC
BIOKEY_31_Pre_TGCGCAGAGCTCAACT-1,BRCA_6,TNBC
BIOKEY_31_Pre_TGCGCAGTCGCAGGCT-1,BRCA_6,TNBC
BIOKEY_31_Pre_TGCGTGGGTTACGTCA-1,BRCA_6,TNBC
BIOKEY_31_Pre_TGCTGCTAGCAAATCA-1,BRCA_6,TNBC
BIOKEY_31_Pre_TGGACGCCAATGAATG-1,BRCA_6,TNBC
BIOKEY_31_Pre_TGGGAAGTCGTTGACA-1,BRCA_6,TNBC
BIOKEY_31_Pre_TTAGGACAGTGCAAGC-1,BRCA_6,TNBC
BIOKEY_31_Pre_TTAGTTCTCCCATTTA-1,BRCA_6,TNBC
BIOKEY_31_Pre_TTAGTTCTCTCAAGTG-1,BRCA_6,TNBC
BIOKEY_31_Pre_TTCGAAGGTTTGGCGC-1,BRCA_6,TNBC
BIOKEY_31_Pre_TTCGAAGTCCGGGTGT-1,BRCA_6,TNBC
BIOKEY_31_Pre_TTCGGTCAGGTACTCT-1,BRCA_6,TNBC
BIOKEY_31_Pre_TTCTACAAGAAGGTTT-1,BRCA_6,TNBC
BIOKEY_31_Pre_TTGGAACGTTTCGCTC-1,BRCA_6,TNBC
BIOKEY_31_Pre_TTGGCAAGTAGAGTGC-1,BRCA_6,TNBC
BIOKEY_31_Pre_TTTACTGAGATCCTGT-1,BRCA_6,TNBC
BIOKEY_31_Pre_TTTACTGGTCCGTCAG-1,BRCA_6,TNBC
BIOKEY_31_Pre_TTTGTCACATTCCTGC-1,BRCA_6,TNBC
BIOKEY_20_Pre_CGATTGAGTAGAGGAA-1,BRCA_49,ER+
BIOKEY_20_Pre_GACGTGCGTAGCTCCG-1,BRCA_49,ER+
BIOKEY_22_Pre_ACGGGCTCAAGTTCTG-1,BRCA_43,ER+
BIOKEY_22_Pre_ACGGGTCCAGAGTGTG-1,BRCA_43,ER+
BIOKEY_22_Pre_ATAGACCCATATGCTG-1,BRCA_43,ER+
BIOKEY_22_Pre_CACACTCAGCCAGGAT-1,BRCA_43,ER+
BIOKEY_22_Pre_TTCTCCTGTTAGATGA-1,BRCA_43,ER+
BIOKEY_22_Pre_TTGCCGTCAAGCGATG-1,BRCA_43,ER+
BIOKEY_25_Pre_ATCATCTTCCGTTGTC-1,BRCA_52,TNBC
BIOKEY_25_Pre_GGAGCAACATACAGCT-1,BRCA_52,TNBC
BIOKEY_21_Pre_AAAGCAAGTGTGAAAT-1,BRCA_13,ER+
BIOKEY_21_Pre_AACTCTTCATTTCAGG-1,BRCA_13,ER+
BIOKEY_21_Pre_AATCGGTAGCTGGAAC-1,BRCA_13,ER+
BIOKEY_21_Pre_ACATACGTCGGTTCGG-1,BRCA_13,ER+
BIOKEY_21_Pre_ACGAGGACATAGTAAG-1,BRCA_13,ER+
BIOKEY_21_Pre_ACGGCCACAATAGCGG-1,BRCA_13,ER+
BIOKEY_21_Pre_AGCAGCCGTCTAGGTT-1,BRCA_13,ER+
BIOKEY_21_Pre_AGTCTTTCAAGCCCAC-1,BRCA_13,ER+
BIOKEY_21_Pre_CATCAAGAGTGCGATG-1,BRCA_13,ER+
BIOKEY_21_Pre_CATCCACCAGCGTCCA-1,BRCA_13,ER+
BIOKEY_21_Pre_CCATGTCAGCGATAGC-1,BRCA_13,ER+
BIOKEY_21_Pre_CCTTCCCAGACGCAAC-1,BRCA_13,ER+
BIOKEY_21_Pre_CGTTCTGAGCGATTCT-1,BRCA_13,ER+
BIOKEY_21_Pre_CTCGAAAGTTACCGAT-1,BRCA_13,ER+
BIOKEY_21_Pre_CTGAAGTTCCGTCAAA-1,BRCA_13,ER+
BIOKEY_21_Pre_CTGATCCTCTGCGGCA-1,BRCA_13,ER+
BIOKEY_21_Pre_GCATGATAGTCCGTAT-1,BRCA_13,ER+
BIOKEY_21_Pre_GCGCCAAGTCAAGCGA-1,BRCA_13,ER+
BIOKEY_21_Pre_GGACAAGCAAACGTGG-1,BRCA_13,ER+
BIOKEY_21_Pre_GGACAGATCCTTCAAT-1,BRCA_13,ER+
BIOKEY_21_Pre_GTACGTACATCCTAGA-1,BRCA_13,ER+
BIOKEY_21_Pre_GTACTTTAGTATCTCG-1,BRCA_13,ER+
BIOKEY_21_Pre_GTATCTTTCTTTCCTC-1,BRCA_13,ER+
BIOKEY_21_Pre_GTGAAGGTCGGCTACG-1,BRCA_13,ER+
BIOKEY_21_Pre_GTGCAGCTCGCCCTTA-1,BRCA_13,ER+
BIOKEY_21_Pre_GTTCTCGCACGGTGTC-1,BRCA_13,ER+
BIOKEY_21_Pre_TAAACCGGTTAAAGAC-1,BRCA_13,ER+
BIOKEY_21_Pre_TAAGTGCTCCGCATCT-1,BRCA_13,ER+
BIOKEY_21_Pre_TACCTATAGATCCCGC-1,BRCA_13,ER+
BIOKEY_21_Pre_TACGGGCCAGACAAGC-1,BRCA_13,ER+
BIOKEY_21_Pre_TACTTACTCCAGTAGT-1,BRCA_13,ER+
BIOKEY_21_Pre_TATGCCCAGATAGTCA-1,BRCA_13,ER+
BIOKEY_21_Pre_TCGAGGCAGTATCGAA-1,BRCA_13,ER+
BIOKEY_21_Pre_TGACAACCACACGCTG-1,BRCA_13,ER+
BIOKEY_21_Pre_TGCCAAAGTACTTGAC-1,BRCA_13,ER+
BIOKEY_21_Pre_TGCCCATTCATGCTCC-1,BRCA_13,ER+
BIOKEY_21_Pre_TTCTCAAGTCGTGGCT-1,BRCA_13,ER+
BIOKEY_29_Pre_ATTATCCTCGCTTAGA-1,BRCA_37,ER+
BIOKEY_29_Pre_CAGCTGGGTCCGAAGA-1,BRCA_37,ER+
BIOKEY_29_Pre_CCACGGATCCGCAGTG-1,BRCA_37,ER+
BIOKEY_29_Pre_CCTCAGTCACAACTGT-1,BRCA_37,ER+
BIOKEY_29_Pre_CGAACATCAGAAGCAC-1,BRCA_37,ER+
BIOKEY_29_Pre_CGGAGCTTCGATGAGG-1,BRCA_37,ER+
BIOKEY_29_Pre_CTGATAGTCGCTAGCG-1,BRCA_37,ER+
BIOKEY_29_Pre_CTGTGCTCAAAGTGCG-1,BRCA_37,ER+
BIOKEY_29_Pre_CTTACCGAGTACGATA-1,BRCA_37,ER+
BIOKEY_29_Pre_GACCTGGAGTACACCT-1,BRCA_37,ER+
BIOKEY_29_Pre_GACGCGTAGGGCATGT-1,BRCA_37,ER+
BIOKEY_29_Pre_GATCGCGCAGGTGCCT-1,BRCA_37,ER+
BIOKEY_29_Pre_GCAATCAAGGTGACCA-1,BRCA_37,ER+
BIOKEY_29_Pre_GCACTCTAGCTAAACA-1,BRCA_37,ER+
BIOKEY_29_Pre_GCCTCTATCGCAAGCC-1,BRCA_37,ER+
BIOKEY_29_Pre_GCGAGAACAAATACAG-1,BRCA_37,ER+
BIOKEY_29_Pre_GGATTACAGTCGCCGT-1,BRCA_37,ER+
BIOKEY_29_Pre_GGGATGACATCTACGA-1,BRCA_37,ER+
BIOKEY_29_Pre_GTGGGTCGTAGGAGTC-1,BRCA_37,ER+
BIOKEY_29_Pre_TACTTACTCAACACGT-1,BRCA_37,ER+
BIOKEY_29_Pre_TGTGGTACAGGAACGT-1,BRCA_37,ER+
BIOKEY_29_Pre_TGTTCCGCAGGGAGAG-1,BRCA_37,ER+
BIOKEY_4_Pre_AACCGCGCACGACGAA-1,BRCA_20,ER+
BIOKEY_4_Pre_AACTTTCAGCTAGTGG-1,BRCA_20,ER+
BIOKEY_4_Pre_AACTTTCCAATGTTGC-1,BRCA_20,ER+
BIOKEY_4_Pre_AAGGAGCCACCATCCT-1,BRCA_20,ER+
BIOKEY_4_Pre_AAGGTTCTCAGTCAGT-1,BRCA_20,ER+
BIOKEY_4_Pre_ACGATACCATTTGCTT-1,BRCA_20,ER+
BIOKEY_4_Pre_ACGATGTGTTATCCGA-1,BRCA_20,ER+
BIOKEY_4_Pre_ACGCCGATCACCACCT-1,BRCA_20,ER+
BIOKEY_4_Pre_AGACGTTCACGAAACG-1,BRCA_20,ER+
BIOKEY_4_Pre_AGCATACTCTGAAAGA-1,BRCA_20,ER+
BIOKEY_4_Pre_AGCGTATAGCTGATAA-1,BRCA_20,ER+
BIOKEY_4_Pre_AGCGTATTCAGTCAGT-1,BRCA_20,ER+
BIOKEY_4_Pre_AGCTCTCCAGACAAGC-1,BRCA_20,ER+
BIOKEY_4_Pre_AGTAGTCCACCCATTC-1,BRCA_20,ER+
BIOKEY_4_Pre_AGTGAGGCACTTAACG-1,BRCA_20,ER+
BIOKEY_4_Pre_AGTGTCACATGCCTTC-1,BRCA_20,ER+
BIOKEY_4_Pre_ATAACGCAGTACATGA-1,BRCA_20,ER+
BIOKEY_4_Pre_CACATAGCACCCATGG-1,BRCA_20,ER+
BIOKEY_4_Pre_CAGCATACACGAAACG-1,BRCA_20,ER+
BIOKEY_4_Pre_CAGCTAATCGCTTAGA-1,BRCA_20,ER+
BIOKEY_4_Pre_CATCAGACATCCCACT-1,BRCA_20,ER+
BIOKEY_4_Pre_CATCGGGAGGTGATTA-1,BRCA_20,ER+
BIOKEY_4_Pre_CCATGTCCACGCATCG-1,BRCA_20,ER+
BIOKEY_4_Pre_CCATGTCGTCACTGGC-1,BRCA_20,ER+
BIOKEY_4_Pre_CCGGTAGTCGGAAACG-1,BRCA_20,ER+
BIOKEY_4_Pre_CCGTACTGTATTCGTG-1,BRCA_20,ER+
BIOKEY_4_Pre_CCTCAGTTCCCATTTA-1,BRCA_20,ER+
BIOKEY_4_Pre_CGAGAAGGTAAACACA-1,BRCA_20,ER+
BIOKEY_4_Pre_CGATCGGAGAGTACAT-1,BRCA_20,ER+
BIOKEY_4_Pre_CGGACGTGTCTAACGT-1,BRCA_20,ER+
BIOKEY_4_Pre_CGGGTCATCACGACTA-1,BRCA_20,ER+
BIOKEY_4_Pre_CTCTACGAGGGAGTAA-1,BRCA_20,ER+
BIOKEY_4_Pre_CTGCTGTCACTACAGT-1,BRCA_20,ER+
BIOKEY_4_Pre_GAATAAGCAGCTGCTG-1,BRCA_20,ER+
BIOKEY_4_Pre_GAATGAAAGCCCTAAT-1,BRCA_20,ER+
BIOKEY_4_Pre_GAATGAAGTTCAGGCC-1,BRCA_20,ER+
BIOKEY_4_Pre_GAGCAGAGTTACCAGT-1,BRCA_20,ER+
BIOKEY_4_Pre_GAGGTGAAGCATCATC-1,BRCA_20,ER+
BIOKEY_4_Pre_GATCGTACAAGGTTTC-1,BRCA_20,ER+
BIOKEY_4_Pre_GATCGTAGTCATGCAT-1,BRCA_20,ER+
BIOKEY_4_Pre_GCACATATCAGTTCGA-1,BRCA_20,ER+
BIOKEY_4_Pre_GCTCCTAAGCTGAAAT-1,BRCA_20,ER+
BIOKEY_4_Pre_GCTGCAGCACCCATGG-1,BRCA_20,ER+
BIOKEY_4_Pre_GGAACTTGTAGTGAAT-1,BRCA_20,ER+
BIOKEY_4_Pre_GGCGACTGTCCAGTAT-1,BRCA_20,ER+
BIOKEY_4_Pre_GGGTTGCGTAGCGCTC-1,BRCA_20,ER+
BIOKEY_4_Pre_GGTGAAGCATGATCCA-1,BRCA_20,ER+
BIOKEY_4_Pre_GTAGGCCTCTGAGTGT-1,BRCA_20,ER+
BIOKEY_4_Pre_GTCAAGTGTGTCTGAT-1,BRCA_20,ER+
BIOKEY_4_Pre_GTCACGGAGCAGCCTC-1,BRCA_20,ER+
BIOKEY_4_Pre_TACCTTACACATAACC-1,BRCA_20,ER+
BIOKEY_4_Pre_TACTTGTCATGCTAGT-1,BRCA_20,ER+
BIOKEY_4_Pre_TAGACCATCTCGGACG-1,BRCA_20,ER+
BIOKEY_4_Pre_TCGTAGAGTAGGCATG-1,BRCA_20,ER+
BIOKEY_4_Pre_TCTGGAAGTAGCAAAT-1,BRCA_20,ER+
BIOKEY_4_Pre_TGGCGCAGTATATGGA-1,BRCA_20,ER+
BIOKEY_4_Pre_TGTGGTAGTCATCGGC-1,BRCA_20,ER+
BIOKEY_4_Pre_TTAGGACGTACTCAAC-1,BRCA_20,ER+
BIOKEY_4_Pre_TTATGCTAGCTCTCGG-1,BRCA_20,ER+
BIOKEY_4_Pre_TTCGGTCCATCGACGC-1,BRCA_20,ER+
BIOKEY_4_Pre_TTCGGTCGTATAGGGC-1,BRCA_20,ER+
BIOKEY_4_Pre_TTCTTAGTCCGCATCT-1,BRCA_20,ER+
BIOKEY_4_Pre_TTTGGTTTCCTACAGA-1,BRCA_20,ER+
BIOKEY_9_Pre_ACGGCCAGTCGCATAT-1,BRCA_7,TNBC
BIOKEY_9_Pre_ATGGGAGAGAGGGCTT-1,BRCA_7,TNBC
BIOKEY_9_Pre_CCAATCCAGTAGATGT-1,BRCA_7,TNBC
BIOKEY_9_Pre_CCAATCCAGTGAAGTT-1,BRCA_7,TNBC
BIOKEY_9_Pre_CCATGTCGTCACTGGC-1,BRCA_7,TNBC
BIOKEY_9_Pre_CGTTGGGCAGCTTCGG-1,BRCA_7,TNBC
BIOKEY_9_Pre_CGTTGGGCATGGTTGT-1,BRCA_7,TNBC
BIOKEY_9_Pre_CTAATGGGTCTAGTGT-1,BRCA_7,TNBC
BIOKEY_9_Pre_CTGATCCGTTCGAATC-1,BRCA_7,TNBC
BIOKEY_9_Pre_CTTTGCGGTATAATGG-1,BRCA_7,TNBC
BIOKEY_9_Pre_GAACATCAGAATAGGG-1,BRCA_7,TNBC
BIOKEY_9_Pre_GGACATTTCGCCAAAT-1,BRCA_7,TNBC
BIOKEY_9_Pre_GGATGTTCAGCTGTAT-1,BRCA_7,TNBC
BIOKEY_9_Pre_GGATTACCACCGAATT-1,BRCA_7,TNBC
BIOKEY_9_Pre_GGCGACTTCAATACCG-1,BRCA_7,TNBC
BIOKEY_9_Pre_GTGTGCGGTCGAGATG-1,BRCA_7,TNBC
BIOKEY_9_Pre_TAGTTGGGTTAAAGTG-1,BRCA_7,TNBC
BIOKEY_9_Pre_TATTACCAGGCTAGAC-1,BRCA_7,TNBC
BIOKEY_9_Pre_TCAGGTACAGGCAGTA-1,BRCA_7,TNBC
BIOKEY_9_Pre_TCCCGATTCGTGTAGT-1,BRCA_7,TNBC
BIOKEY_9_Pre_TGCCAAAGTACGCTGC-1,BRCA_7,TNBC
BIOKEY_9_Pre_TGTCCCAAGGTGTTAA-1,BRCA_7,TNBC
BIOKEY_9_Pre_TTAGGCATCGAACGGA-1,BRCA_7,TNBC
BIOKEY_9_Pre_TTGCGTCAGAAGCCCA-1,BRCA_7,TNBC
BIOKEY_18_Pre_AACTCTTAGGGTTCCC-1,BRCA_47,ER+
BIOKEY_18_Pre_AGCAGCCAGAGGTAGA-1,BRCA_47,ER+
BIOKEY_18_Pre_CCCAGTTCATACTCTT-1,BRCA_47,ER+
BIOKEY_18_Pre_CCTTCCCTCGTTTGCC-1,BRCA_47,ER+
BIOKEY_18_Pre_GAATGAATCAACGAAA-1,BRCA_47,ER+
BIOKEY_18_Pre_TCTGAGACATTATCTC-1,BRCA_47,ER+
BIOKEY_11_Pre_AACTTTCTCCTAGAAC-1,BRCA_24,TNBC
BIOKEY_11_Pre_ACACCAATCTTAACCT-1,BRCA_24,TNBC
BIOKEY_11_Pre_AGCGTATCAAGTAGTA-1,BRCA_24,TNBC
BIOKEY_11_Pre_AGCTCCTCACAGATTC-1,BRCA_24,TNBC
BIOKEY_11_Pre_AGCTTGATCCTTGGTC-1,BRCA_24,TNBC
BIOKEY_11_Pre_AGGCCGTCAGCATGAG-1,BRCA_24,TNBC
BIOKEY_11_Pre_ATCTACTGTCGACTAT-1,BRCA_24,TNBC
BIOKEY_11_Pre_CAAGGCCGTCGAGTTT-1,BRCA_24,TNBC
BIOKEY_11_Pre_CACACTCCATCGGTTA-1,BRCA_24,TNBC
BIOKEY_11_Pre_CACATAGGTTTGGCGC-1,BRCA_24,TNBC
BIOKEY_11_Pre_CAGAGAGCACAGACTT-1,BRCA_24,TNBC
BIOKEY_11_Pre_CCTACCAGTTACGACT-1,BRCA_24,TNBC
BIOKEY_11_Pre_CCTTCGAAGCCAGAAC-1,BRCA_24,TNBC
BIOKEY_11_Pre_CGACCTTGTTACAGAA-1,BRCA_24,TNBC
BIOKEY_11_Pre_CGAGAAGGTTAGAACA-1,BRCA_24,TNBC
BIOKEY_11_Pre_CGGCTAGTCTGATACG-1,BRCA_24,TNBC
BIOKEY_11_Pre_CTAAGACCAGCCTGTG-1,BRCA_24,TNBC
BIOKEY_11_Pre_CTAATGGGTCTACCTC-1,BRCA_24,TNBC
BIOKEY_11_Pre_CTACCCATCTTTAGGG-1,BRCA_24,TNBC
BIOKEY_11_Pre_CTCATTACACAGACAG-1,BRCA_24,TNBC
BIOKEY_11_Pre_CTCGTCAGTCCAAGTT-1,BRCA_24,TNBC
BIOKEY_11_Pre_CTCTACGAGAAGGACA-1,BRCA_24,TNBC
BIOKEY_11_Pre_CTGAAGTCAAACGTGG-1,BRCA_24,TNBC
BIOKEY_11_Pre_CTGGTCTAGGCTCTTA-1,BRCA_24,TNBC
BIOKEY_11_Pre_GACGGCTTCCCTGACT-1,BRCA_24,TNBC
BIOKEY_11_Pre_GAGCAGAGTAGGCATG-1,BRCA_24,TNBC
BIOKEY_11_Pre_GATGCTACACGTGAGA-1,BRCA_24,TNBC
BIOKEY_11_Pre_GGCTCGACACAGACAG-1,BRCA_24,TNBC
BIOKEY_11_Pre_GTCTCGTTCTTGTATC-1,BRCA_24,TNBC
BIOKEY_11_Pre_TATTACCTCACAATGC-1,BRCA_24,TNBC
BIOKEY_11_Pre_TCACGAAAGCTAACAA-1,BRCA_24,TNBC
BIOKEY_11_Pre_TCACGAACAAGTTCTG-1,BRCA_24,TNBC
BIOKEY_11_Pre_TCGCGTTGTCGTGGCT-1,BRCA_24,TNBC
BIOKEY_11_Pre_TGCGGGTGTGGTCCGT-1,BRCA_24,TNBC
BIOKEY_11_Pre_TGCTGCTCAGCTCCGA-1,BRCA_24,TNBC
BIOKEY_11_Pre_TGGGAAGCAGTTTACG-1,BRCA_24,TNBC
BIOKEY_11_Pre_TGGGCGTTCTACTATC-1,BRCA_24,TNBC
BIOKEY_11_Pre_TGGTTAGAGTGAAGAG-1,BRCA_24,TNBC
BIOKEY_11_Pre_TGTATTCGTAGAGGAA-1,BRCA_24,TNBC
BIOKEY_11_Pre_TTAACTCTCCCAACGG-1,BRCA_24,TNBC
BIOKEY_11_Pre_TTTACTGAGGCCCGTT-1,BRCA_24,TNBC
BIOKEY_11_Pre_TTTGGTTAGTCACGCC-1,BRCA_24,TNBC
BIOKEY_11_Pre_TTTGGTTCAAGAGGCT-1,BRCA_24,TNBC
BIOKEY_7_Pre_AACCGCGTCCCGACTT-1,BRCA_25,ER+
BIOKEY_7_Pre_ACCCACTAGCTCTCGG-1,BRCA_25,ER+
BIOKEY_7_Pre_AGCATACAGATAGCAT-1,BRCA_25,ER+
BIOKEY_7_Pre_AGGTCCGGTGTATGGG-1,BRCA_25,ER+
BIOKEY_7_Pre_CACACAAGTACAGTTC-1,BRCA_25,ER+
BIOKEY_7_Pre_CAGGTGCCACGGTGTC-1,BRCA_25,ER+
BIOKEY_7_Pre_CATATGGAGCACCGCT-1,BRCA_25,ER+
BIOKEY_7_Pre_CGGAGTCGTCAGCTAT-1,BRCA_25,ER+
BIOKEY_7_Pre_CGTGTCTCACAGATTC-1,BRCA_25,ER+
BIOKEY_7_Pre_CGTTAGAAGATATACG-1,BRCA_25,ER+
BIOKEY_7_Pre_CTAGCCTCACGACTCG-1,BRCA_25,ER+
BIOKEY_7_Pre_CTGCGGAGTGAACCTT-1,BRCA_25,ER+
BIOKEY_7_Pre_CTTTGCGGTTATCCGA-1,BRCA_25,ER+
BIOKEY_7_Pre_GCAGCCAAGTAATCCC-1,BRCA_25,ER+
BIOKEY_7_Pre_GGAATAAAGATATGCA-1,BRCA_25,ER+
BIOKEY_7_Pre_GGGCACTGTTCTGGTA-1,BRCA_25,ER+
BIOKEY_7_Pre_TACAGTGTCGTACGGC-1,BRCA_25,ER+
BIOKEY_7_Pre_TCGGGACAGCCACCTG-1,BRCA_25,ER+
BIOKEY_7_Pre_TGAAAGATCAGGCGAA-1,BRCA_25,ER+
BIOKEY_7_Pre_TGACTTTAGGATGCGT-1,BRCA_25,ER+
BIOKEY_7_Pre_TGACTTTTCCGAAGAG-1,BRCA_25,ER+
BIOKEY_7_Pre_TGCGCAGGTGTAAGTA-1,BRCA_25,ER+
BIOKEY_7_Pre_TGGCTGGAGCCTCGTG-1,BRCA_25,ER+
BIOKEY_7_Pre_TGGCTGGGTTAGAACA-1,BRCA_25,ER+
BIOKEY_7_Pre_TTCTACAAGTTATCGC-1,BRCA_25,ER+
BIOKEY_7_Pre_TTGGCAATCCACGAAT-1,BRCA_25,ER+
BIOKEY_2_Pre_AAACCTGTCTGGAGCC-1,BRCA_23,TNBC
BIOKEY_2_Pre_AGAGCTTTCAACGCTA-1,BRCA_23,TNBC
BIOKEY_2_Pre_AGATTGCAGCAATCTC-1,BRCA_23,TNBC
BIOKEY_2_Pre_ATAGACCCAAATTGCC-1,BRCA_23,TNBC
BIOKEY_2_Pre_ATCATCTTCTGTCCGT-1,BRCA_23,TNBC
BIOKEY_2_Pre_CAGATCAGTGCAGGTA-1,BRCA_23,TNBC
BIOKEY_2_Pre_CCTACACAGGAGCGTT-1,BRCA_23,TNBC
BIOKEY_2_Pre_CGTGTAATCCAATGGT-1,BRCA_23,TNBC
BIOKEY_2_Pre_CTTAACTTCACTTATC-1,BRCA_23,TNBC
BIOKEY_2_Pre_GAACCTACACTTAACG-1,BRCA_23,TNBC
BIOKEY_2_Pre_GGATGTTAGTCGTACT-1,BRCA_23,TNBC
BIOKEY_2_Pre_GGGACCTTCTCCAACC-1,BRCA_23,TNBC
BIOKEY_2_Pre_GGGATGAAGTCAATAG-1,BRCA_23,TNBC
BIOKEY_2_Pre_TGCGGGTCAGACTCGC-1,BRCA_23,TNBC
BIOKEY_2_Pre_TGTGGTATCACCCTCA-1,BRCA_23,TNBC
BIOKEY_2_Pre_TTAGGCAAGTCGATAA-1,BRCA_23,TNBC
BIOKEY_2_Pre_TTAGGCATCACAGGCC-1,BRCA_23,TNBC
BIOKEY_6_Pre_AAAGCAAGTCTCGTTC-1,BRCA_3,ER+
BIOKEY_6_Pre_AACACGTGTGAACCTT-1,BRCA_3,ER+
BIOKEY_6_Pre_ACTGAGTGTGCTAGCC-1,BRCA_3,ER+
BIOKEY_6_Pre_AGGTCCGAGAGGACGG-1,BRCA_3,ER+
BIOKEY_6_Pre_AGTCTTTTCGGCCGAT-1,BRCA_3,ER+
BIOKEY_6_Pre_ATTATCCTCCTAGGGC-1,BRCA_3,ER+
BIOKEY_6_Pre_CACCACTAGCCATCGC-1,BRCA_3,ER+
BIOKEY_6_Pre_CACCACTTCGGTCCGA-1,BRCA_3,ER+
BIOKEY_6_Pre_CAGTCCTAGGCGTACA-1,BRCA_3,ER+
BIOKEY_6_Pre_CATGACAGTCTTGCGG-1,BRCA_3,ER+
BIOKEY_6_Pre_CATGGCGGTCTCCACT-1,BRCA_3,ER+
BIOKEY_6_Pre_CCTACCACAACTGCGC-1,BRCA_3,ER+
BIOKEY_6_Pre_CCTATTATCTGCGACG-1,BRCA_3,ER+
BIOKEY_6_Pre_CGACCTTGTTCGGGCT-1,BRCA_3,ER+
BIOKEY_6_Pre_CGGTTAAAGCTGAACG-1,BRCA_3,ER+
BIOKEY_6_Pre_CGTCCATTCTCAACTT-1,BRCA_3,ER+
BIOKEY_6_Pre_CTCGAGGCAGTCAGAG-1,BRCA_3,ER+
BIOKEY_6_Pre_CTCGGGAGTAAGGATT-1,BRCA_3,ER+
BIOKEY_6_Pre_GAAGCAGAGAGGGCTT-1,BRCA_3,ER+
BIOKEY_6_Pre_GACGCGTGTCTAGAGG-1,BRCA_3,ER+
BIOKEY_6_Pre_GACGTTATCTTAACCT-1,BRCA_3,ER+
BIOKEY_6_Pre_GCGCAGTAGATATGGT-1,BRCA_3,ER+
BIOKEY_6_Pre_GGAATAACATCGATGT-1,BRCA_3,ER+
BIOKEY_6_Pre_GGCTGGTTCGCCAGCA-1,BRCA_3,ER+
BIOKEY_6_Pre_GGTGTTATCATCGCTC-1,BRCA_3,ER+
BIOKEY_6_Pre_GTAACTGTCTGCGGCA-1,BRCA_3,ER+
BIOKEY_6_Pre_GTAGTCAAGAGCTGGT-1,BRCA_3,ER+
BIOKEY_6_Pre_GTGTGCGGTTCTGAAC-1,BRCA_3,ER+
BIOKEY_6_Pre_TCGGTAACATGTAAGA-1,BRCA_3,ER+
BIOKEY_6_Pre_TGCTACCAGGCATTGG-1,BRCA_3,ER+
BIOKEY_6_Pre_TTCTCAACACAGACTT-1,BRCA_3,ER+
BIOKEY_6_Pre_TTGAACGAGAGGTTGC-1,BRCA_3,ER+
BIOKEY_6_Pre_TTGAACGCAGTGGAGT-1,BRCA_3,ER+
BIOKEY_6_Pre_TTTGGTTAGTCCGGTC-1,BRCA_3,ER+
BIOKEY_17_Pre_AAGGAGCTCTAACTCT-1,BRCA_8,ER+
BIOKEY_17_Pre_AAGGCAGAGCGCTCCA-1,BRCA_8,ER+
BIOKEY_17_Pre_AAGGTTCGTCTGCCAG-1,BRCA_8,ER+
BIOKEY_17_Pre_AATCCAGAGTAACCCT-1,BRCA_8,ER+
BIOKEY_17_Pre_ACACCAAAGCAGCGTA-1,BRCA_8,ER+
BIOKEY_17_Pre_ACCGTAACAGTATCTG-1,BRCA_8,ER+
BIOKEY_17_Pre_ACCGTAAGTATCAGTC-1,BRCA_8,ER+
BIOKEY_17_Pre_ACCTTTAGTACAGACG-1,BRCA_8,ER+
BIOKEY_17_Pre_ACGAGGAGTGATAAAC-1,BRCA_8,ER+
BIOKEY_17_Pre_ACGCAGCCATCGGTTA-1,BRCA_8,ER+
BIOKEY_17_Pre_ACGCCAGGTAATAGCA-1,BRCA_8,ER+
BIOKEY_17_Pre_ACGTCAAAGCCCGAAA-1,BRCA_8,ER+
BIOKEY_17_Pre_ACTGAGTTCGCATGAT-1,BRCA_8,ER+
BIOKEY_17_Pre_ACTTGTTCAACTGGCC-1,BRCA_8,ER+
BIOKEY_17_Pre_ACTTGTTTCCGTCAAA-1,BRCA_8,ER+
BIOKEY_17_Pre_AGAATAGTCTTCATGT-1,BRCA_8,ER+
BIOKEY_17_Pre_AGACGTTAGTTCGCGC-1,BRCA_8,ER+
BIOKEY_17_Pre_AGACGTTCAAGACGTG-1,BRCA_8,ER+
BIOKEY_17_Pre_AGAGCGACACCAGATT-1,BRCA_8,ER+
BIOKEY_17_Pre_AGAGCTTGTGTGAAAT-1,BRCA_8,ER+
BIOKEY_17_Pre_AGATTGCAGCACAGGT-1,BRCA_8,ER+
BIOKEY_17_Pre_AGCATACAGTCCATAC-1,BRCA_8,ER+
BIOKEY_17_Pre_AGCGTATAGATACACA-1,BRCA_8,ER+
BIOKEY_17_Pre_AGCGTATGTCTCGTTC-1,BRCA_8,ER+
BIOKEY_17_Pre_AGCTCTCAGTAGCCGA-1,BRCA_8,ER+
BIOKEY_17_Pre_AGCTTGACATGAAGTA-1,BRCA_8,ER+
BIOKEY_17_Pre_AGGCCGTGTACAGCAG-1,BRCA_8,ER+
BIOKEY_17_Pre_AGGGATGTCGTTACAG-1,BRCA_8,ER+
BIOKEY_17_Pre_AGTGAGGAGAGCTGGT-1,BRCA_8,ER+
BIOKEY_17_Pre_AGTTGGTGTCAGATAA-1,BRCA_8,ER+
BIOKEY_17_Pre_ATAAGAGGTGTTGGGA-1,BRCA_8,ER+
BIOKEY_17_Pre_ATCACGAAGGATGTAT-1,BRCA_8,ER+
BIOKEY_17_Pre_ATCTACTCATGCCACG-1,BRCA_8,ER+
BIOKEY_17_Pre_ATGGGAGTCATGCATG-1,BRCA_8,ER+
BIOKEY_17_Pre_ATGTGTGCACAACGTT-1,BRCA_8,ER+
BIOKEY_17_Pre_ATTATCCCATGGTTGT-1,BRCA_8,ER+
BIOKEY_17_Pre_CAACCAAAGTACGACG-1,BRCA_8,ER+
BIOKEY_17_Pre_CAAGAAATCGGTCTAA-1,BRCA_8,ER+
BIOKEY_17_Pre_CACAGGCGTCTAGTGT-1,BRCA_8,ER+
BIOKEY_17_Pre_CACATAGCACAGACTT-1,BRCA_8,ER+
BIOKEY_17_Pre_CACCTTGCATTTGCCC-1,BRCA_8,ER+
BIOKEY_17_Pre_CACCTTGTCCGAAGAG-1,BRCA_8,ER+
BIOKEY_17_Pre_CACTCCAAGATGTGTA-1,BRCA_8,ER+
BIOKEY_17_Pre_CAGCATACAGTGAGTG-1,BRCA_8,ER+
BIOKEY_17_Pre_CAGCTAATCTCCTATA-1,BRCA_8,ER+
BIOKEY_17_Pre_CAGGTGCCAGTCTTCC-1,BRCA_8,ER+
BIOKEY_17_Pre_CAGGTGCGTTCCGTCT-1,BRCA_8,ER+
BIOKEY_17_Pre_CAGTAACAGGCTATCT-1,BRCA_8,ER+
BIOKEY_17_Pre_CAGTAACTCCCAACGG-1,BRCA_8,ER+
BIOKEY_17_Pre_CAGTAACTCTTACCGC-1,BRCA_8,ER+
BIOKEY_17_Pre_CATGACAGTATAGGTA-1,BRCA_8,ER+
BIOKEY_17_Pre_CATGACAGTTCTGTTT-1,BRCA_8,ER+
BIOKEY_17_Pre_CATGGCGGTTCTCATT-1,BRCA_8,ER+
BIOKEY_17_Pre_CATTATCTCTCCTATA-1,BRCA_8,ER+
BIOKEY_17_Pre_CATTCGCTCGTACCGG-1,BRCA_8,ER+
BIOKEY_17_Pre_CCGGTAGGTGATGATA-1,BRCA_8,ER+
BIOKEY_17_Pre_CCGTACTTCGTACCGG-1,BRCA_8,ER+
BIOKEY_17_Pre_CCGTTCAAGATCCCGC-1,BRCA_8,ER+
BIOKEY_17_Pre_CCTATTAGTCCTCTTG-1,BRCA_8,ER+
BIOKEY_17_Pre_CGACTTCCAGCTCGAC-1,BRCA_8,ER+
BIOKEY_17_Pre_CGACTTCTCAAGCCTA-1,BRCA_8,ER+
BIOKEY_17_Pre_CGAGAAGTCAGGATCT-1,BRCA_8,ER+
BIOKEY_17_Pre_CGAGCCAAGGATATAC-1,BRCA_8,ER+
BIOKEY_17_Pre_CGATGGCAGGCTATCT-1,BRCA_8,ER+
BIOKEY_17_Pre_CGCCAAGTCCACGCAG-1,BRCA_8,ER+
BIOKEY_17_Pre_CGGACACAGTGCCAGA-1,BRCA_8,ER+
BIOKEY_17_Pre_CGGGTCATCTTAGAGC-1,BRCA_8,ER+
BIOKEY_17_Pre_CGGTTAATCCGCGCAA-1,BRCA_8,ER+
BIOKEY_17_Pre_CGTCTACGTCATGCAT-1,BRCA_8,ER+
BIOKEY_17_Pre_CGTTAGAAGATGAGAG-1,BRCA_8,ER+
BIOKEY_17_Pre_CTAACTTGTTAAGAAC-1,BRCA_8,ER+
BIOKEY_17_Pre_CTACCCACATTGGGCC-1,BRCA_8,ER+
BIOKEY_17_Pre_CTAGAGTAGCGGATCA-1,BRCA_8,ER+
BIOKEY_17_Pre_CTCGTCATCGTCCGTT-1,BRCA_8,ER+
BIOKEY_17_Pre_CTTGGCTGTCTCAACA-1,BRCA_8,ER+
BIOKEY_17_Pre_GAAACTCTCACTCTTA-1,BRCA_8,ER+
BIOKEY_17_Pre_GAATAAGTCCTTGCCA-1,BRCA_8,ER+
BIOKEY_17_Pre_GACCTGGGTCGAAAGC-1,BRCA_8,ER+
BIOKEY_17_Pre_GACGCGTTCGCCTGTT-1,BRCA_8,ER+
BIOKEY_17_Pre_GACGGCTGTTTAAGCC-1,BRCA_8,ER+
BIOKEY_17_Pre_GACTAACTCAGAGGTG-1,BRCA_8,ER+
BIOKEY_17_Pre_GACTGCGTCCTTGGTC-1,BRCA_8,ER+
BIOKEY_17_Pre_GAGGTGATCCTATGTT-1,BRCA_8,ER+
BIOKEY_17_Pre_GATCGATCACCTCGGA-1,BRCA_8,ER+
BIOKEY_17_Pre_GATCTAGAGTCTCCTC-1,BRCA_8,ER+
BIOKEY_17_Pre_GATCTAGGTCTTGATG-1,BRCA_8,ER+
BIOKEY_17_Pre_GATGAGGGTGCCTTGG-1,BRCA_8,ER+
BIOKEY_17_Pre_GCAGCCAAGCGCCTTG-1,BRCA_8,ER+
BIOKEY_17_Pre_GCAGTTACACTGTGTA-1,BRCA_8,ER+
BIOKEY_17_Pre_GCCTCTACACGGCTAC-1,BRCA_8,ER+
BIOKEY_17_Pre_GCCTCTAGTCATCCCT-1,BRCA_8,ER+
BIOKEY_17_Pre_GGACAAGCACTAGTAC-1,BRCA_8,ER+
BIOKEY_17_Pre_GGACAGACAGTATCTG-1,BRCA_8,ER+
BIOKEY_17_Pre_GGACAGAGTGGGTATG-1,BRCA_8,ER+
BIOKEY_17_Pre_GGACATTCAACGCACC-1,BRCA_8,ER+
BIOKEY_17_Pre_GGACATTGTACCCAAT-1,BRCA_8,ER+
BIOKEY_17_Pre_GGATTACGTCGCGAAA-1,BRCA_8,ER+
BIOKEY_17_Pre_GGCAATTTCGCAAACT-1,BRCA_8,ER+
BIOKEY_17_Pre_GGCTCGATCACTTACT-1,BRCA_8,ER+
BIOKEY_17_Pre_GGGACCTCAATCGAAA-1,BRCA_8,ER+
BIOKEY_17_Pre_GGGCATCCAAGCGATG-1,BRCA_8,ER+
BIOKEY_17_Pre_GTACTCCTCTGTTGAG-1,BRCA_8,ER+
BIOKEY_17_Pre_GTATCTTCATCATCCC-1,BRCA_8,ER+
BIOKEY_17_Pre_GTTCATTCAGGTGCCT-1,BRCA_8,ER+
BIOKEY_17_Pre_GTTTCTAGTACTTCTT-1,BRCA_8,ER+
BIOKEY_17_Pre_TAAACCGAGTCTTGCA-1,BRCA_8,ER+
BIOKEY_17_Pre_TACAGTGGTCGAAAGC-1,BRCA_8,ER+
BIOKEY_17_Pre_TACCTTAGTATTCTCT-1,BRCA_8,ER+
BIOKEY_17_Pre_TACTCATAGAAGATTC-1,BRCA_8,ER+
BIOKEY_17_Pre_TACTTGTAGCAACGGT-1,BRCA_8,ER+
BIOKEY_17_Pre_TAGGCATTCAATACCG-1,BRCA_8,ER+
BIOKEY_17_Pre_TAGTGGTTCTGACCTC-1,BRCA_8,ER+
BIOKEY_17_Pre_TATCTCATCCAGAGGA-1,BRCA_8,ER+
BIOKEY_17_Pre_TCAACGAAGTTCCACA-1,BRCA_8,ER+
BIOKEY_17_Pre_TCAACGACAAGTACCT-1,BRCA_8,ER+
BIOKEY_17_Pre_TCACAAGGTTTGACAC-1,BRCA_8,ER+
BIOKEY_17_Pre_TCAGGATCATCCGTGG-1,BRCA_8,ER+
BIOKEY_17_Pre_TCATTTGAGCGTCAAG-1,BRCA_8,ER+
BIOKEY_17_Pre_TCGTACCAGGAGTAGA-1,BRCA_8,ER+
BIOKEY_17_Pre_TCGTAGAGTAGAGTGC-1,BRCA_8,ER+
BIOKEY_17_Pre_TCTATTGGTACTCAAC-1,BRCA_8,ER+
BIOKEY_17_Pre_TCTGGAACATTGCGGC-1,BRCA_8,ER+
BIOKEY_17_Pre_TCTTCGGGTGTTGGGA-1,BRCA_8,ER+
BIOKEY_17_Pre_TCTTTCCTCCAAATGC-1,BRCA_8,ER+
BIOKEY_17_Pre_TGACAACGTCGCGTGT-1,BRCA_8,ER+
BIOKEY_17_Pre_TGACGGCTCCGCGGTA-1,BRCA_8,ER+
BIOKEY_17_Pre_TGAGAGGAGTGAAGAG-1,BRCA_8,ER+
BIOKEY_17_Pre_TGAGCCGGTACCGTAT-1,BRCA_8,ER+
BIOKEY_17_Pre_TGCACCTGTCCAGTGC-1,BRCA_8,ER+
BIOKEY_17_Pre_TGCCAAATCCCAAGTA-1,BRCA_8,ER+
BIOKEY_17_Pre_TGGCGCAGTAGCTTGT-1,BRCA_8,ER+
BIOKEY_17_Pre_TGGCTGGAGTTGTAGA-1,BRCA_8,ER+
BIOKEY_17_Pre_TGTCCCACAGCTGGCT-1,BRCA_8,ER+
BIOKEY_17_Pre_TTCTCAAGTAATTGGA-1,BRCA_8,ER+
BIOKEY_17_Pre_TTGACTTCACATTCGA-1,BRCA_8,ER+
BIOKEY_17_Pre_TTGCGTCGTCGAGTTT-1,BRCA_8,ER+
BIOKEY_17_Pre_TTTGCGCCAAATACAG-1,BRCA_8,ER+
BIOKEY_17_Pre_TTTGGTTGTCACTGGC-1,BRCA_8,ER+
BIOKEY_27_Pre_CTCGTCATCACCCTCA-1,BRCA_35,ER+
BIOKEY_24_Pre_GATCAGTGTCCCTACT-1,BRCA_18,ER+
